Q,A,Label
과학기술이 비대면을 가능케 했다,"이토록 우리 일상을 흔들었던 사건이 있었을까. 2년이 넘는 시간 동안 휘몰아쳤던 신종 코로나바이러스 감염증(코로나19)이 점차 사그라들고 있다. 사람들은 조심스레 일상회복을 시작했고, 문 닫았던 시설들도 대부분 정상화됐다. 코로나19와의 이별을 준비하는 지금, 우리에게 남은 것은 무엇일까.세계보건기구(WHO)가 팬데믹을 선언하고 한 달이 지나기 전, 교육부는 온라인 개학을 선언하며 원격 수업을 시작했 다. 전국의 청소년들은 스마트폰이나 태블릿, 노트북으로 수업을 들었고, 체험프로그램은 EBS 방송 등으로 대체됐다. 기업들도 곧바로 재택근무 체제를 갖췄다. 고용노동부에 따르면 2020년 9월 기준 48.8%의 기업이 재택근무로 전환했다. 코로나19가 한국에 상륙한지 6개월 만에 벌어진 일이다.국내 교육계와 산업계가 빠르게 비대면 시스템을 갖출 수 있었던 것은 2016년부터 떠오른 4차 산업혁명의 덕이 컸다. 인공지능(AI), 사물인터넷(IoT), 클라우드 기술이 갖춰져 있었 고, 여기에 5G 통신망과 위성인터넷 등 정보통신기술(ICT)을 적극 활용할 수 있었기 때문이다. 모든 사회활동을 집에서 해결해야 하는 상황에서  사람들은 온라인수업, 화상회의 등을 위한 온라인 플랫폼에 빠르게 적응해 나갔다. 노트북이나 스마트폰 하나로 회사, 가정 가리지 않고 모든 업무를 보는 것이 자연스러운 일이 됐다.메타버스처럼 새롭게 떠오른 화두도 있다. 메타버스는 현실과 가상이 결합된 개념으로, 아바타로 게임을 즐기던 것에서 한 단계 나아가 실제 현실과 같은 사회문화적 활동을 할 수 있는 공간을 말한다. 코로나19 이후 메타버스 안에서 BTS 콘서트를 즐기고, 정치인의 선거 유세를 듣고, 신입생 환영회를 하는 등 다양한 일이 벌어졌다. 그야말로 과학기술의 총집합이 었다. 메타버스 안에는 보안을 위해 블록체인 기술이 적용됐고, 대체불 가능토큰(NFT)을 기 반으로 한 경제 시스템을 갖췄다.2020년 데뷔한 걸그룹 에스파는 실제 멤버와 가상 세계의 아바타 멤버가 서로 교감하는 콘셉트로 활동한다.",0
코로나19가 바이오헬스의 판도를 바꾸다,"코로나19 백신 개발은 인간을 달에 착륙시킨 것에 버금가는 성과다.데이비드 도디 존스홉킨스대 교수는 인류가 1년 반 만에 코로나19 백신을 개발한 것을 두고 이렇게 평가했다. 그도 그럴 만하다. 백신 하나를 개발하려면 10년 이상 걸리는 것이 일반적이고, 그마저도 완성되지 못하는 경우가 부지기수다. 세계 최초의 인간 RNA 백신이 이렇게 빠른 시간에 탄생할 수 있었던 데는 팬데믹 이라는 비상상황이 주요하 게 작용했다. 인간의 생명을 다루기에 보수적일 수밖에 없는 제약업계에서 나온 성과라는 점에서 더욱 놀랍다.이후 신약개발에 대한 투자가 이어지며 전반 적인 제약업계에 청신호가 켜졌다. 지난해 식품의약품안전처의 임상시험 승인 건수는 1350건을 기록했다. 5년 전과 비교해 두 배가 늘었다. 이런 경향성은 앞으로도 계속될 전망이다. 헬스케어 빅데이터 조사업체 아이큐비아에 따르면 전 세계 의약품 시장은 2026년까지 연간 3~6% 성장해 1조 8000억 달러(약 2313조 원) 규모로 커질 전망이다.지난 2년간 백신과 치료제, 진단키트 시장에 집중됐다면, 앞으로는 그동안 미뤄뒀던 신약이 2026년까지 최대 315개 출시될 예정이다. 특히차세대 의약품으로 꼽히는 세포유전자 치료제가 주목받는다. 향후 5년간 55~65개가 더 나올 전망이다.한편 난생 처음 겪는 팬데믹은 건강에 대한 관심을 불러일으켰다. 그중 가장 급격한 성장 세 를 보이고 있는 것은 디지털 헬스케어 분야다. 의료기술에 정보통신기술(ICT)을 접목해 개인 맞춤으로 건강을 관리하는 서비스다. 원격진료, 가상 수술 의료 시뮬레이션처럼 온라인 상에서 의료서비스를  제공하는 것을 말한다.보건복지부에 따르면 비대면 진료를 받은 환자의 수는 2020년 2월 2만 4727명 수준에서 지난해 1월 159만 2651명으로, 약 64배 증가했 다. 전 세계에서는 2020년 한 해에만 9만 개 이상의 헬스케어 애플리케이션(앱)이 출시되기도 했다. 최근에는 IT기업이 직접 의료시장에 뛰어 들고 있다. 네이버는 사내에 인공지능을 접목한 병원 네이버 케어를 시범 운영 중이고, 카카오 는 카카오헬스케어 법인을 꾸렸다.글로벌 인더스트리에 따르면 2014년 210억 달러(약 27조 원)였던 전 세계 디지털 헬스케어 시장은 2020년 1522억 달러(약 196조 원), 2027년 5089억 달러(약 654조 원)로 급증할 전 망이다.",0
멈췄던 환경보호 재시동,"코로나19 팬데믹 다음으로 우리가 맞게 될 것 은 플라스틱 팬데믹일지도 모른다. 2019년까지 기후변화를 막아야 한다는 합의로 전 세계 는 플라스틱 규제 및 온실가스 감축 등 탄소중립 정책을 차근차근 시행하고 있었다. 그리고 다음해, 코로나19의 등장으로 우리는 마스크, 일회용 장갑, 배달용기 등 플라스틱을 생활화 (?)하는 삶을 살게 됐다. 정부도 일회용품 사용 규제를 일시적으로 완화할 수밖에 없었다.그 결과 지난 2년간 국내에서 생산된 마스크는 100억 장이 넘는다. 1인당 2~3일에 한 개 꼴 로 마스크를 사용한 셈이다. 칩거 생활로 온라인 쇼핑이 늘어 택배박스 대란이 일고, 배달 음식 증가로 플라스틱 용기가 폭증한 것은 덤이 다. 코로나19 팬데믹 이후 2021년 8월까지 전 세계적으로 840만 t(톤)의 플라스틱 쓰레기가 발생했다. doi: 10.1073/pnas.2111530118 플라스틱을 줄이기 위해 노력하던 기억은 점차 잊혀졌다.어느덧 코로나19 방역이 완화되며 다시 플라스틱을 줄이기 위해 허리띠를 졸라매기 시작했다. 지난해 서울을 시작으로 올해 경기와 경북 등 8개 지역에서 다회용기 음식배달 시범사업을 실시하고 있다. 6월 10일부터는 다시 일회용컵에 대한 보증금 제도가 살아난다. 11월 24일부터는 일회용 비닐봉투를 제한하고, 종이컵이나 플라스틱 빨대를 무상 제공할 수 없다.마스크는 아직 어쩔 수 없다. 매일 수만 명의 코로나19 확진자가 나오고 있고, 마스크가 바이러스 전파를 막는 가장 효과적인 수단임에 는 변함이 없다. 이에 폐마스크를 재활용하려는 시도가 있다. 미국 워싱턴주립대 토목환경 공학과 연구팀은 폐마스 크를 잘게 썰어 화학 처리한 뒤 콘크리트 보강재로 재활용하는 방법을 개발했다. doi: 10.1016/j.matlet.2022.132238 또 마스크의 주성분인 플라스틱 소재, 폴리프로필렌 (PP)을 추출해 일회용 용기나 병, 컵 등을 제작하거나, 공장에서 에너지원으로 사용하려는 시도도 있다. 다만 아직은 아이디어 수준이다. 배재근 서울과학기술대 환경공학과 교수는 폐마스크를 따로 수거해 필요한 성분을 분리하는 과정에서 비 용이 많이 든다고 말했다.",0
미스터리한 글귀를  과학지식으로 풀다 외,"과학특성화중학교? 무지개가 끊어진 곳에서 시작된 첫 번째 비밀닥터베르 지음│리페 그림│뜨인돌248쪽│1만 3000원나는 17명의 자식을 가진 사신(死神).그대여, 나의 품으로 오라.신비아파트 시리즈나 명탐정 코난에 나올 법한 문구다. 어쩐지 등골이 오싹해지는 이 글을 해독하면 어떤 비밀이 기다리고 있을까.과학특성화중학교에서는 과학지식이 미궁의 열쇠이자 단서다. 그래서 추리소설을 즐기면서 과학지식을  익힐 수 있다. 17명의 자식은 17개의 전자를 뜻한다. 강한 독성을 가진 17번 원소인 염소를 가득 품은 사신의 품. 그곳은 바로 표백제로 소독한 수영장이었다.과학특성화중학교는 대한민국 대표 기업인 천하 전자가 만든 학교다. 첨단 설비가 가득한 이 학교는 학비도 전액 무료이고 100% 기숙사제로 운영된다. 신입생 규모는 150명. 전국에서 과학천재 학생들이 입학한다. 그런데 이 학교 곳곳에는 이런 이상한 문 구가 새겨져 있다. 그 비밀을 파헤치는 소년 주나기와 친구들이 주인공이다.불꽃 유령은 길을 알고 있다.금속이 아니면서 금속과 함께 있는 것의 발밑을 보라.우리 셋은 서로를 두 팔로 붙잡고 곧바로 날아오른다.호기심을 자아내는 이런 문장을 쫓아가면서 비밀을 파헤치는 구조는 소설 다빈치코드를 떠올리게 한다. 빠른 전개 속도와 팽팽한 긴장감도 닮았다. 학교에서 배우는 과학지식을 소재로 이런 추리소설을 만들 수 있다는 사실이 놀라울 뿐이다.주나기와 친구들은 금속 원소의 스펙트럼 등 수업시간에 배운 지식을 총동원해 문제를 풀어나간다. 다음 단서를 찾기 위해 불 꺼진 학교를 수색하는 등 모험도 마다하지 않는다. 후반부로 갈수록 긴장감은 점점 고조된다.책은 총 3권으로 이뤄져 있다. 다루는 지식은 고등학교 통합과학 과정을 기반으로 한다. 과학특성화중학교는 앞서 성공을 거둔 과학추리 판타지 소설 수학 특성화중학교의 후속작이다. 저자는 네이버웹툰 닥터 앤 닥터 육아일기로 유명한 서울대 에너지시스템공학 박사 출신의 이대양(닥터베르) 작가다.프랑스 작가 시몽 위로는 어느날 150평 정원이 딸린 시골집으로 이사를 한다. 정원이라고는 하지만, 축 처지고 말라비틀어진 나무 몇 그루만 덩그러니 서 있는 공터다.작가가 이곳으로 이사 온 이유는 생태 위기의 절박함을 느꼈기 때문이다. 그는 자기 손으로 직접 생 태 다양성을 회복시켜보겠다고 결심한다. 정원에 방치된 홍자단 덤불을 뽑아버리고, 길가에 버려진 붓꽃과 물옥잠을 가져다 심는다. 돌을 쌓아 작은 동물들이 욕조 연못에 올라갈 계단을 만들기도 한다.그렇 게 빈틈이 채워지자 정원에 수많은 곤충과 동물들이 제 발로 찾아오기 시작한다. 장작더미는 파충류의 보금자리가 되고, 쌓아둔 나뭇가지에는 두꺼비와 고슴도치가 와서 쉰다. 하지만 늘 환영할 만한 손님들 만 오는 건 아니다. 말벌이 나무에 집을 지었거나 달팽이가 너무 많이 생기면 정원사는 어떻게 해야 할까? 나방이 나무를 병들게 한다면? 작가는 발로 뛰며 시행착오를 겪는 과정을 책에 고스란히 담았다.이 책은 자연으로부터 얻는 깨달음의 보고서다. 손으로 흙을 만지고 동식물과 교감하기 시작하면 많은 것이 달라진다. 뱀이나 거미를 봐도 씨를 말려야겠다는 생각이 들지 않고, 하늘소를 상처 하나 내지 않은  채 손으로 잡을 수도 있게 된다.기자는 10년 전 어린이과학동아에서 지구사랑탐사대를 만들면서 작가와 비슷한 경험을 했다. 곤충 채집에 처음 모인 어린이들은 곤충을 벌레라고 부른다. 그러다가 몇 달이 지나면 곤충이라고 부르게 되고, 그다음엔 왕귀뚜라미라고 이름을 부르게 된다. 소리만 듣고도 곤충의 이름을 맞출 때가 되면, 혼자 길을 걸어도 주위에 친구들이 가득한 느낌을 받는다. 자연이 그 자체로 경이로운 놀이터가 된다.그래픽노블(그림소설)인 이 책은 식물과 동물의 세밀화가 담겨있어 때때로 도감 같기도 하다. 파브르 곤충기로 유명한 장 앙리 파브르가 2022년을 살아간다면, 아마도 시몽 위로와 같은  모습이지 않을까.",0
제주도의 모든 생물을 기록하다,"전 세계가 한날, 한시에 함께 생물다양성을 기록하는 날이 있다. 바로 도시 자연 챌린지(City Nature Challenge)가 열리는 날이다. 올해는 세계 445개 도시가 참여했다. 그 중 한국에서는 처음으로 제주도가 4월 30일에서 5월 1일까지 제주 바이오블리츠 캠프라는 이름으로 참여했다.과학동아와 내셔널지오그래픽은 이 행사를 함께 주최했다. 어린이과학동아 지구사랑탐사대 대장이자 내셔널지오그래픽 탐험가인 이 화여대 장이권 교수가 참가자들을 이끌었다. 과학동아 독자 18명도 이 행사에 함께 참가했다. 생물을 기록하는 방법은 쉽다. 생물 사진을 찍고 소리를 녹음한 뒤 아이내추럴리스트(iNaturalist, 나 자연학자 라는 뜻) 애플리케이션을 이용해서 올리면 된다. 그리고 어떤 생물을 찍었는지 적으면 된다. 어떤 생물인지 모른다고? 그래도 괜찮다. 전 세계의 과학자들이 올라오는 기록을 보고 확인해준다.이번 제주도 바이오블리츠에 참여한 사람은 40명이다. 기록은 1204개, 확인된 종은 309종이다. 생물다양성을 탐사한 장소는 동백동산이라고 불리는 선흘 곶자왈과 거문오름 일대였다. 동백동산 습지는 람사르 습지로 지정될 만큼 독특한 지형과 주변 생태계에서 중요한 역할을 하고 있다. 멸종위기종인 가는물부추와 제주 고유종인 제주도롱뇽, 제주고사리삼 등이 있다.제주도 거문오름은 유네스코 세계 자연유산에도 등재된 곳으 로, 세계에서 가장 뛰어난 용암동굴계로 여겨지고 있다. 다양한 식물들이 꽃 피우는 시기라 샛노란 금새우난초, 은은한 상아색 새우난초, 그리고 둘의 자연교잡종인 주황색 한라새우난초가 흐드러지게 핀 모 습을 볼 수 있었다. 섬휘파람새, 휘파람새의 노랫소리가 이따금 나무 사이에서 들려왔다. 참가자들은 보이는 모든 생물을 카메라에 담으려 노력했다. 과학동아와 내셔널지오그래픽은 과학동아 독자들과 함께 5월 21일~22일 제주도의 미개방 동굴도 탐험했다. 이 내용은 과학동아 7월호에 실릴 예정이다. 이번 제주 바이오블리츠 캠프에서 기록한 생물들은 iNaturalist 웹사이트에서 볼 수 있다.",0
빅데이터에서  사회문제 해결  실마리 찾아요,"빅데이터의 시대가 열렸다. 전 세계인이 매일같이 인터넷을 돌아다니며 남기는 디지털 발자국은 무수히 많은 데이터로 쌓인다. 이렇게 모인 데이터는 기준에 따라 분류되고 활용되며 비로소 빛을 발한다. 데 이터에 숨겨진 의미를 찾아내 사회 문제를 해결하고 더 나은 미래를 만들어나가는 학문, 데이터과학이 중요한 이유다.차미영 KAIST 전산학부 교수(기초과학연구원(IBS) 수리 및 계산과학 연구단 CI)는 수학을 기반으로 만들어진 알고리즘과 인공지능(AI)으로 사회과학 문제를 푸는 데이터과학자다. 그는 미국 페이스북, 독일 막스플랑크 연구소 등에서 일했다.일상 속에서 접할 수 있는 뉴스 랭킹, 일정 관리 등의  서비스도 전부 데이터과학을 기반으로 이뤄집니다. 더 나아가 전기를 절약하는 에너지 시스템이나 빈곤예측을 통한 식량문제 해소처럼 사회적인 문제에도 데이터과학을 적용할 수 있어요.링크 20억 개, 메시 지 17억 개 분석하다가짜뉴스 판별, 빈곤 예측, 이상거래 탐지 등 사회적 문제에 데이터과학을 접목한 차 교수의 논문은 그간 1만 7000회 이상 피인용됐을 정도로 관심을 받았다. 그중 2010년 미국 인공지능 학회에 발표한 논문은 게재와 동시에 하버드 비즈니스 리뷰에 소개됐고, 지금까지 4400번 이상 피인용됐다.독일 막스플랑크 연구소에서 박사후연구원으로 근무하며 시작했던 연구였어요. 5000만 트위터 사용 자 정보와 20억 개의 소셜 팔로워 링크, 17억 개의 트윗 메시지라는 방대한 데이터를 분석했습니다. 이를 통해 팔로워 숫자가 영향력을 결정하지 않는다는 사실을 과학적으로 증명했죠.AI 방법론을 사회 문제에 접목하는 차 교수의 연구는 신종 코로나바이러스 감염증(코로나19) 팬데믹 상황에서도 이어졌다. 그는 루머를 앞선 팩트 캠페인을 기획해 각국에 퍼져있는 가짜뉴스를 판별하는 데 앞장섰다.2020년 초 코 로나19가 각국에 속도차를 가지고 확산되면서 허위 정보도 함께 전파된다는 사실에서 출발했습니다. 중국과 한국에서 이미 팩트체크가 완료된 정보를 20개 언어의 인포그래픽으로 번역해 세계 151개국 5만여 명에게 전달했죠.이 캠페인을 통해 데이터를 수집하면서, 인프라가 취약한 나라가 인포데믹(잘못된 정보나 악성루머가 미디어, 인터넷을 통해 확산되는 현상)으로 인한 피해도 크다는 사실이 드러났다. 또 빠른 팩트체크는 허위 정보로 인한 피해를 최소화할 수 있었지만, 이미 허위정보를 믿기 시작한 경우는 팩트체크가 더 이상 효과가 없었다.사회적 위기 때 절실한 과학자의 역할오랜 기간 가짜뉴스를 연구한 차 교수에게 루머를 앞선 팩트 캠페인은 의미있는 프로젝트였다. 소셜미디어(SNS)로 전 세계 대중과 소통하고, 사회적 위기 상황에서 과학자의 역할을 되새길 수 있었다. 차 교수는 허위 정보의 전파는 방역지 침이나 백신에 대한 불신으로 이어질 수 있다는 사실을 몸소 경험했다며 과학자의 소통이 절실함을 느꼈다고 말했다. 그는 남들이 가지 않은 영역을 탐험하기 위해 다른 분야의 전문가와 협업한다. 차 교수는 몇 해 전부터 인공지능으로 고해상도 주간 위성영상을 분석하는 연구를 하고 있다며 도시의 녹지량을 계산해 녹지 면적이 넓을수록 시민의 행복도가 높아지는 경향을 발견했다고 말했다. 이외에도 경제학자, 지리학자와 함께 최빈국들의 세밀한 경제성장 지도를 만들거나, 기후학자와 협업해 기후변화로 인한 영향을 파악하는 등 다양한 사회 문제에 참여하고 있다.차 교수는 다양한 전문가와 사회 문제를 함께 고 민하고 더 나은 세상을 만드는 일이 무척 즐겁고 신난다고 말했다. 도전에 망설이는 이들에게 메시지도 남겼다.우리는 일어나지 않는 일들을 고민할 때가 있어요. 셰릴 샌드버그 메타 최고운영책임자(COO)의 책 린인에 보면 앞으로 결혼하고 아기도 낳을 텐데 지금 내가 승진해서 바빠지면 어떻게 하지?라는 고민을 하는 20대 여성의 얘기가 나와요. 그 여성은 아직 결혼 상대도 만나기 전이었죠. 미리 포기하기보다는 주어진 상황에서 최선을 다해 도전해 보세요.",0
까치 둥지를 보면 기후변화가 보인다,"제가 고등학생 때 집 안에서 강아지를 키우게 됐는데, 행동이 너무 사람이랑 비슷한 거예요. 어릴 때 마당에서 키우던 강아지는 그렇지 않았거든요. 동물이 원래 우리랑 비슷한건지, 아니면 집 안에서 키워서 그런건지 궁금해졌죠.이상임 대구경북과학기술원(DGIST) 뉴바이올로지학과 교수는 어린시절 품었던 질문의 답을 여전히 찾고 있다. 우리와 함께 도시라는 공간에서 살아가는 동물들의 생태를 알아가는 것이 그의 목표다. 특히 서울대 캠퍼스에서 까치의 개체수를 분석해 기후변화와 도시화가 생태계에 미치는 영향을 찾고 있다.4월 30일 서울대 캠퍼스의 한 까치 둥지 아래서 그와 만났다.그는 1998년부터 매년 서 울대 안에 있는 까치의 번식 생태를 연구하고 있다. 번식 생태는 자연에서 생명체가 자손을 낳고, 키우고, 독립시킬 때까지의 과정을 말한다.이날도 이 교수와 피오트르 야브원스키 서울대 교수, 최재천 이화여대 교수 공동연구팀은 서울대 캠퍼스 안의 어린 까치 조사에 나섰다. 연구는 1년 동안 꾸준히 까치를 관찰해 둥지의 위치를 파악하는 것부터 시작했다. 평소에 까치가 둥지 재료를 들고 어디로 날아가는지 확인해 둥지 지도를 만든다.연구팀은 까치 산란기 전후 크레인을 타고 나무 위로 올라간다. 까치가 둥지에 낳은 알의 수와 부화한 새끼의 수, 발육상태 등을 확인하고, 혈액과 미생물 등 시료를 채취한다. 활동영역을 알기 위해 인식표도 붙인다. 매년 쌓인 데이터를 분석하면 시간에 따라 변하는 까치의 번식 생태를 알 수 있다.이 교수는 최근 까치의 이소율이 크게 떨어졌다고 말한다. 이소는 어린 새가 성장해  둥지를 떠나는 행동이다. 그는 매년 까치가 낳는 알의 수는 6.3개 수준으로 과거와 크게 달라지지 않았다며 그럼에도 이소율이 떨어졌다는 것은 어린 까치의 생존율이 낮아진다는 의미라고 말했다.이유는 도 시화와 기후변화로 보인다. 도시화로 어린 까치의 먹이를 구하기 어려워졌다. 해가 갈수록 까치의 활동 범위는 늘었지만, 빠른 도시화를 막기엔 부족했다. 기후변화로 인한 이상기후도 까치가 살아남기 어렵 게 한다. 이 교수는 2000년대 초반만 해도 겨울이 따뜻하면 생존율이 높았지만, 그 이후로는 겨울이 따뜻해도 생존율이 낮아졌다며 봄철 급격한 기온차이가 주요 원인이라고 생각해 이상기후의 발생 일수와의 상관관계를 분석하고 있다고 말했다.이 교수처럼 생태학을 연구하는 학자들은 국내에 많지 않다. 풍족하지 않은 환경에서도 그는 생태학 연구만이 갖는 매력이 자신의 연구를 이끄는 동력이라고 말한다.생태학 연구의 가장 큰 매력은 교감이라고 생각해요. 어린 까치와 눈을 마주치고 있으면 왠지 생각을 읽을 수 있다는 생각이 들거든요. 동물과 사람이 같은 공간에서 조화롭게 살아가는 방법을 찾는 게 우리가 해야 할 일입니다.* 이 기사는 대구경북과학기술원(DGIST)의 제작지원을 받았습니다.",0
반복문 심화,test,0
식중독 세균 vs 장내 공생 세균  장 속에서 벌어지는 전쟁,"날씨가 따뜻해지면 식중독을 조심하라는 소식이 들려오곤 합니다. 식중독은 바이러스나 세균(박테리아)에 오염된 음식물을 섭취해 복통이나 설사, 발열, 구토, 오한 등의 증상을 일으키는 질병입니다. 음식을 통해 질병에 감염되는 과정을 의미하기도 합니다. 심할 경우 환자를 사망에 이르게 합니다. 이런 질병을 일으키는 세균을 식중독(음식 매개 감염) 세균이라고 부릅니다.식중독 세균의 한 종류인 비브리오 패혈증균(Vibrio vulnificus)은 비브리오 패혈증을 일으킵니다. 매년 50명 안팎의 비브리오 패혈증 환자가 발생합니다. 비브리오 패혈증균은 주로 5월부터 9월까지 수온이 높아지는 시기에 활발하게 증식해 바 닷물과 어패류를 오염시킵니다. 이렇게 오염된 어패류를 덜 익혀 먹거나 상처에 바닷물이 들어가면 감염됩니다. 비브리오 패혈증균은 우리 몸에서 잠복기를 거치며 여러 독성 물질을 분비합니다. 이 과정에서 피부조직이 괴사하는데, 이런 특징 때문에 미국 언론에서는 비브리오 패혈증균을 살을 파먹는 세균이라고 부르기도 합니다.숙주 지켜주는 공생 세균비브리오 패혈증균은 사람에게 치명적이지만, 비브리오 패혈증균이 사람이나 동물을 감염시키려면 여러 시련을 극복해야 합니다. 우선 산성 환경인 위를 지나 산소가 거의 없는 장까지 이동해야 합니다. 또 세균에게 필수적인 철과 같은 영양소는 인간의 몸에서 인식하거나 사용하기 어려운 상태로 존재해 세균은 영양이 고갈된 상태로 느낍니다. 동물의 면역시스템도 견뎌내야 하고 장에서 혈액과 조직으로 이동하기 위해서는 두꺼운 장 상피세포(intestinal epithelial cell)도 넘어야 합니다. 그렇기에 지금까지 세균의 감염은 숙주와 세균 사이의 대결로만 받아들여졌습니다.하지만 최근에는 동물의 장 안에 있는 세균들이 외부에서 들어온 병원성 세균의 감염을 방해하고 있다는 연구 결과들이 나오고 있습니다. 동물, 특히 포유류의 경우 장 안에는 수백~수천 종의 세균이 있습니다. 이 중 숙주와 공생관계를 이루는 장내 공생 세균(gut commensal)들은 병원성 세균이 장 내에서 필 요한 자원을 쓰지 못하게 하거나 점막에서 생물막을 만들어 병원성 세균의 감염을 막아줍니다. 항균물질을 직접 만들거나 숙주의 면역반응을 활성화시키기도 합니다. 실제로 장내 공생 세균의 종류나 개체수 가 바뀌면 병원성 세균에 더 쉽게 감염된다는 사실이 보고됐습니다. 반대로 병원성 세균이 창 같은 구조를 만들어 장내 공생 세균을 직접 공격해 죽이는 현상도 밝혀져 있습니다.병원성 세균의 예상 못한 공 격 밝혀낸 논문이번에 소개할 논문에서는 병원성 세균이 장내 공생 세균을 죽이는 새로운 방법을 밝혀냈습니다. 쥐에게 비브리오 패혈증균을 감염시키면 장내 미생물 균총의 조성이 변합니다. 연구팀은 그중 에서 박테로이데스 불가투스(Bacteroides vulgatus)가 감소하는 것에 주목했습니다. 박테로이데스 불가투스는 포유류의 장에 사는 공생 세균으로, 병원성 대장균의 감염을 막는 것으로 알려져 있습니다.우선 비브리오 패혈증균과 박테로이데스 불가투스의 관계를 알아보기 위해 두 세균을 함께 배양했습니다. 그 결과 비브리오 패혈증균은 정상적으로 잘 자라지만, 박테로이데스 불가투스의 생존율은 줄었습니다. 비브리오 패혈증균과 가까워질수록 생존율은 더 크게 줄었습니다. 비브리오 패혈증균이 일방적으로 박테로이데스 불가투스를 죽게 만드는 현상입니다.비브리오 패혈증균이 분비하는 펩타이드 신호물질이 박테로이데스 불가투스를 죽게 만든다는 것을 알아냈습니다. 페닐알라닌(F)과 프롤린(P) 아미노산 각각 두개가 원형으로 결합된 cFP(Cyclo-(phenylalanine-proline))는 평소 비브리오 패혈증균이 분비하는 신호물질입니다. cFP가 비브리오 패혈증균 안으로 다시 들어가면 독성인자를 발현하고, 동물세포로 들어가면 면역반응을 억제하는 기능이 알려져 있습니다.이번 연구에서 밝힌 cFP의 새로운 기능은 박테로이데스 불가투스에게 들어가 박테로이데스 불가투스의 신호를 교란해 세포막을 손상시키게 하고, 손상된 세포막을 통해 내부 물질이 빠져나오며 사멸하게 하는 것입니다. 숙주와 자신에게만 영향을 미치는 것으로 알려진 물질이 사실은 장내 공생 세균을 공격하는 무기가 될 수도 있던 것입니다.창과 방패, 비브리오와 박테로이데스의 싸움cFP가 장내 공생 세균을 정말 죽이는지 확인하려면 숙주 안에서 기능할 수 있는지도 실 험해야 합니다. 정제된 cFP를 쥐에게 먹이니 장에 살아있는 박테로이데스 불가투스가 실제로 감소한 것을 확인할 수 있었습니다. 마지막으로 확인해야하는 것이 있습니다. 이렇게 박테로이데스 불가투스의 개체수가 줄어들면 비브리오 패혈증균은 동물에게 더 치명적인지 알아봐야 합니다.cFP를 먹여서 박테로이데스 불가투스의 개체수가 줄어든 쥐와 건강한 일반 쥐에게 적은 양의 비브리오 패혈증균을 먹였습니다. 그 결과 cFP를 먹은 쥐의 대부분은 패혈증에 걸렸습니다. 건강한 쥐에서는 대부분 문제없이 생존했습니다. 비브리오 패혈증균이 만드는 cFP는 장내 공생 세균을 죽게 하고, 숙주에게 더 쉽게 감염될 수 있는 무기로 사용하는 것입니다.그렇다면 박테로이데스 불가투스는 어떻게 비브리오 패혈증균의 감염을 막는 것일까요. 실험에서 확인했던 것처럼 박테로이데스 불가투스는 비브리오 패혈증균을 죽이지 않습니다. 쥐의 장에서 박테로이데스 불가투스가 일종의 장벽을 만들어 감염을 막고 있을 가능성을 확인해야 합니다. 그렇게 많은 개체수의 박테로이데스 불가투스를 쥐의 장에 넣어 비브리오 패혈증균을 감염시킨 결 과도 관찰했습니다. 보통의 쥐라면 패혈증에 걸릴 정도의 비브리오 패혈증균을 먹여도 생존할 수 있었습니다.논문에서는 복잡하고 많은 실험을 통해 식중독 세균이 장내 공생 세균을 사멸시키고 숙주에게 더 쉽게 감염되는 새로운 방법을 밝혔습니다. 사람들은 긴 시간 동안 공생 세균과 함께했고, 병원성 세균과는 싸움을 이어오며 복잡한 관계를 형성해 나가고 있습니다. 그리고 여전히 우리는 진화를 거듭한 병원성 세균과 생존을 두고 싸우고 있습니다. 숙주와 장내 공생 세균, 병원성 세균을 연구하는 사람들은 그 복잡한 관계를 이해하는 것이 목표입니다. 결국 이런 연구가 모여 인간과 동물이 치명적인 병원성 세균에 맞설 수 있는 방법을 제시해줄 수 있을 것이라고 생각합니다.장보람 연구원의논문 읽기 노하우    장내 미생물 관련 논문은 어디에 실리나요?관련 분야 학술지로는 마이크로바이옴 거트 마이크로브 (Gut Microbes) 등이 대표적입니다. 물론 여러분들이 잘 알고 있는 셀 네이처 사이언스 등 학술지에도 많이 게재되고 있습니다.장내 미생물 논문을 잘 읽으려면?당연히 장내 미생물에 대한 사전 지식이 풍부해야 합니다. 그래서 관련한 리뷰 논문을 미리 찾아보길 권합니다. 리뷰 논문은 읽으려는 논문의 참고자료 목록에서 찾을 수 있습니다. 특히 논문에서 연구한 미생물의 신호전달 기전에 대해서 잘 읽어보는 것이 중 요합니다.장내 미생물 연구에는 어떤 분야가 있나요?장내 미생물이 상호작용하는 대상에 따라 나눌 수 있습니다. 숙주와 상호작용하는 경우 미생물 균총의 변화가 숙주에 미치는 통계적 영향을, 병원성 세균 과 상호작용하는 경우 이번 논문처럼 분자생물학 연구가 주를 이룹니다.장내 미생물 연구자가 되기 위해 어떤 공부를 해야 하나요?앞서 말한 것처럼 장내 미생물 연구는 통계적인 방법으로 이뤄지는 경우가  많습니다. 그렇기에 미생물학과 함께 통계학 공부를 하길 추천합니다. 미생물의 생리적인 특성과 유전자에 대해서도 기초 지식을 쌓아야 합니다. 미생물생리학, 분자생물학 등 관련 분야가 있습니다.장내 미 생물 연구를 꿈꾸는 이들에게 한마디장내 미생물 연구의 매력은 우리의 몸과 건강, 질병에 대해 탐구하는 과정이라는 점입니다. 우리의 연구를 통해서 사람들이 건강한 삶을 살 수 있도록 한다는 점이 큰 보 람 중 하나입니다. 또 저처럼 질병을 연구하는 사람에게는 숙주와 세균의 관계를 이해한다는 점에서 흥미로운 분야라고 생각합니다.장보람. 서강대 생명과학과 분자미생물학 및 생물막 연구실에서 박사과정에 재학중이다. 장내 미생물과 병원성 세균의 경쟁, 병원성 세균의 환경 변화 인식 및 적응, 막단백질의 배출을 통한 생물막 성숙에 관련된 연구를 하고 있다.",0
선풍기를 개조해 집에서 회전초밥을 먹자,"클릭을 안 할 수가 없었습니다. 유튜브 영상 제목이 집에서 회전초밥 해먹는 방법ㅋㅋㅋㅋㅋㅋㅋ이었는데, 섬네일엔 선풍기가 누워있었거든요. 선풍기 날개 위에 연어 초밥을 가지런히 올려둔 출연자가 미풍 으로 하면 괜찮겠지?라며 선풍기를 틀었습니다. 물론 괜찮을 리가 없죠. 날개가 회전하자마자 초밥은 어디로 날아갔는지도 모르게 사라져 버렸습니다. 초밥이 흩뿌려졌을 방에 애도를 표하면서도 기자는 가슴이 두근거렸습니다. 실험각이잖아요!물체가 회전운동을 할 때, 속도는 두 가지 관점에서 분석할 수 있습니다. 우선 각속도가 있습니다. 물체가 일정한 시간 동안 회전한 각을 기준으로 측정한 속도죠. 지름 1m인 원형 운동장과 지름 1km인 원형 운동장이 있다고 합시다. 철수와 영희가 이 운동장들을 각각 1분에 100바퀴를 돈다면 각속도는 100rpm(revolution per minute분당 회전수)으로 같습니다. 지름 1km인 운동장을 돈 영희가 조금 억울하겠죠. 물체가 이동한 거리를 기준으로 측정한 선속도를 비교하면 영희가 철수보다 얼마나 열심히 달렸는지 알 수 있습니다. 철수는 둘레가 약 3.14m인 운동장을 1분에 100바퀴 돌 았으니 분속 314m로 운동한 셈입니다. 같은 식으로 계산하면 영희의 선속도는 분속 314km였으니 영희는 최선을 다했었네요.선속도와 각속도의 차이를 이용하면 선풍기 날개의 회전속도를 늦출 수 있습니다.  풀리는 바퀴에 끈을 걸어 힘의 크기나 방향 등을 바꾸는 장치입니다. 원형 물체와 고무끈으로 간단하게 만들어볼 수 있어요. 기자는 주방에 있던 채반을 활용했습니다. 선풍기를 눕힙니다. 그리고 고무끈의  한쪽 끝은 선풍기 모터의 회전축에, 다른 한쪽 끝은 채반에 걸어둡니다. 선풍기를 가동하면 모터가 회전하면서 고무끈을 움직이고, 고무끈에 연결된 채반이 연이어 회전합니다.모터 회전축의 지름은 약 0.5cm, 채반의 지름은 약 30cm였습니다. 두 물체가 고무끈으로 연결돼 회전했으므로 선속도는 같습니다. 하지만 각속도는 달랐죠. 모터 회전축이 1바퀴 도는 동안 채반은 60분의 1바퀴 돕니다. 선풍기 모터의 회전속도는 기종마다 다르지만 대략 1300~1800rpm입니다. 기자가 만든 풀리를 활용하면 이 속도를 60분의 1인 약 22~30rpm까지 늦출 수 있습니다. 재빠르게 젓가락질하니 초밥을 집어 먹을 수 있었죠. 그 모습이 우아하진 않았지만요.",0
네 그래서 이과가  투명 스마트폰을  만들어봤습니다,"김치 게임 이란 게 있습니다. 채소를 아무거나 말한 뒤, 구글에 그 채소로 만든 김치를 검색합니다. 그런 김치가 실제로 있으면 지는 겁니다. 쉽게 이길 것 같지만 생각보다 엄청 어렵습니다. 기자도 자신만 만하게 도전했다가 벌칙으로 딱밤을 하도 맞아서 이마가 볼록해진 적이 있죠. 당근 김치? 있습니다. 민트 김치? 있어요. 선인장 김치도 있고, 파인애플 김치도 있어요. 로즈마리 김치는 심지어 한국식품영양 학회지에 논문도 나와 있습니다. 로즈마리를 0.5% 첨가한 김치가 제일 기호도가 높대요.한국인들이 식물이면 일단 김치를 담가 보는 것과 비슷한 현상이 전기전자공학에서도 관찰됩니다. 이 분야는 뭐든 투명하게 만들려는 경향이 있거든요. 투명 전지? 있습니다. 투명 디스플레이? 개발된 지 오래죠. 센서? 뭘 원하세요, 투명한 센서도 있고 투명한 물체를 감지하는 센서도 있습니다. 그러니 기자도 인터넷에서 문 과가 아이디어를 다 내줬는데 아직도 투명 스마트폰 안 나옴이란 글을 보며 정말 나올 때가 되지 않았나 싶었던 겁니다. 휴, 어쩔 수 없죠. 삼성도 애플도 잠잠하니 과학동아가 나설 수밖에요. 투명 스마트폰, 까짓거 만들러 가 봅시다.1단 게임을 시작해보죠  투명 스마트폰, 어디까지 왔나다양한 부품을 조립해 만드는 스마트폰에서도 특히 핵심적인 부품은 네 가지입니다. 반도체, 디스플레이, 배터리, 카메라죠. 이들 부품으로 투명 스마트폰 게임을 해보려고 합니다. 규칙은 김치 게임과 반대입니다. 각 부품을 투명하게 만든 연구결과가 있다면 이기는 겁니다.우선 반도체입니다. 스마트폰에 활용되는 반도체인 애플 리케이션 프로세서(AP)만큼 아주 작고 정밀한 반도체는 아니지만, 그래도 반도체 자체를 투명하게 만든 연구는 많습니다. 예를 들어 2017년엔 서형탁 아주대 신소재공학과 교수팀이 두 종류의 나노 결정 산화물을 붙여 가시광선을 100% 가까이 통과하는 반도체를 만들었습니다. 2020년엔 포스텍(POSTECH)과 성균관대 공동연구팀이 투명 P형 반도체를 개발하기도 했죠. 시작부터 술술 풀리네요.투명 디스플레이는 이 미 제품으로 출시되기도 했습니다. LG의 경우 2020년 미국 라스베이거스에서 열린 세계 최대 규모의 소비자 가전 전시회(CES)에서 투명 유기발광다이오드(OLED)를 공개했습니다. 그 뒤로 지하철 객실 창문이 나 가게 쇼윈도 등에 투명 OLED를 결합한 사례가 속속 등장하고 있습니다. 스마트폰을 가로로, 세로로 접었다가, 두 번 접어보던 삼성은 이제 투명 디스플레이도 접을 전략입니다. 지난해 7월 세계지식재산권기구(WIPO)에 평상시에는 스마트폰 뒤편에 접어뒀다가 펼칠 수 있는 투명 디스플레이 이용법에 대한 특허를 출시했죠.스마트폰에 사용하는 리튬이온배터리는 아직 투명화된 연구결과가 없어요. 대신 다른 형 태의 배터리라면 있습니다. 2019년 대구경북과학기술원(DGIST)에서는 에너지 발전과 저장을 동시에 할 수 있는 투명 배터리를 개발했습니다. 태양광 전지가 유리처럼 투명하다면 창문이나 지붕 등 다양한 곳 에 활용하기 좋겠죠. 투명 태양광 전지 연구도 활발히 이뤄지고 있습니다. 무승부라고 해도 되겠네요. 마지막으로 투명 카메라는 찾을 수 없었으니 포기. 2승 1무 1패면 그래도 준수합니다. 투명 스마트폰,  마냥 뜬구름 잡는 이야기는 아니네요.2래 봬도 무척 쓸모있는 투명 스마트폰, 왜 필요하냐고요?2020년 9월, 그림 한 장에 정보기술(IT)업계가 술렁였습니다. 삼성이 투명한 스마트폰 디스플레이와 관련된 기 술을 미국특허청(USPTO)과 WIPO에 특허 출원하면서 문서에 첨부한 그림입니다. 손으로 스마트폰을 쥐고 있는 모습이 나타나 있었습니다. 투명한 디스플레이 너머로 사용자의 손이 그대로 비쳐 보였죠.사실,  이 특허는 기술특허라기보다는 디자인 특허에 가깝습니다. 하지만 삼성이 투명 스마트폰과 관련한 기술 개발을 진행하고 있는지도 모른다는 추측을 하기엔 충분했죠.투명 스마트폰을 개발하기까지는 시간이  조금 더 걸릴 겁니다. 궁금한 건 왜 이렇게까지 해서 투명한 스마트폰을 만들어야 하냐는 겁니다. 우린 안 투명한 스마트폰을 가지고도 잘 지내는데 말이죠.삐딱한 시선으로 자료를 찾던 기자를 바로 설득한 단어가 있습니다. 포켓몬입니다. 주변이 비쳐 보이는 투명 스마트폰은 증강현실(AR) 콘텐츠를 즐기기 딱입니다. 상상해보세요, 투명한 스마트폰으로 책상을 비춰봤더니 그 위에 피카츄가 앉아있다면 얼마나  귀엽겠어요. 안 되겠네요, 오늘부터 투명 스마트폰 살 돈 모으기 시작합니다. 저와 함께하실 분?",0
Z세대 능력고사,"생각도, 좋아하는 것도 모두 다른 요즘 애 Z세대는 1996년생부터 2000년대생을 뜻하죠. 그런데 태어난 시기가 다르더라도 학습을 통해(?) Z세대를 이해해볼 수 있어요. 또, 태어난 시기로 보면 Z세대지만 사 실 마음속엔 유교걸, 유교보이가 숨어 있는 분도 계실 겁니다. 퀴즈를 풀어 확인해 봅시다. 나는 Z세대에 얼마나 가까울까요?",0
Z세대의 사진 쇼핑 소셜앱,"Z세대는 그럼 무슨 앱을 쓰냐고? Z세대의 트렌디함이 묻어나는 앱을3가지 정도 소개해줄게. 앞서 말한 Z세대의 특징과 아주 밀접하게 관련돼있지. 연결과 비주얼이 중요하게 적용된 앱이라는 거야. 거기에 증강현실(AR) 기술까지 더해지면 금.상.첨.화.지. 어디 한번 Z세대의 특징이 묻어나는 앱을 만나볼까?스냅챗은 Z세대가 애용하는 AR 기술로 화려한 시각적 커뮤니케이션을 할 수 있는 앱이야. 사진을 찍을 때  사람 얼굴, 몸 등을 인식한 뒤 거기에 필터를 입히는 서비스를 제공해. 스냅챗은 특히 아기 필터로 유명한데, 작년 11월에는 내 얼굴을 만화 캐릭터처럼 표현할 수 있는 아바타 필터도 나왔어. 만화 속 주인 공이 될 수 있다고ㅎㅎ.대학내일20대연구소가 2019년 12월에 만 15~49세 남녀 900명을 대상으로 설문조사를 했어. 이들이 내놓은 XYZ 세대가 소통하는 방법에 따르면 Z세대는 대화할 때 67%가 문자메시지를  전화통화보다 선호한다고 해. 시각적인 전달이 불가능한 전화통화보다 문자를 더 선호하는 거지! 스냅챗을 이용하면 문자에 이모티콘, 사진, 동영상 보내기를 항상 달고 사는 우리들의 취향을 잘 담을 수 있 다고!스냅챗에는 AR 필터만 있는 게 아니야. AR을 활용해서 사고 싶은 옷을 입어 볼 수도 있어. 온라인 상점이나 백화점 같은 곳에서 파는 브랜드 말이야. 스냅챗에서 만든 AR 쇼핑 렌즈를 이용하면 가능하다고. 스냅챗은 AR 이미지 처리 기술을 개발했어. 이걸 이용하면 입고 싶은 옷을 진짜 입어 본 것처럼 보이지. AR 기술을 활용해서 쇼핑을 즐기는 Z세대에게 딱 맞지.AR 필터는 첨단 컴퓨터 기술이 적용된 필터야. 스냅챗은 기존의 얼굴 인식 방법에 머신러닝 기술을 활용했어. 머신러닝은 AI의 한 분야야. 데이터를 모으면서 학습하고 예측하면서 스스로 성능을 향상시키는 시스템을 말해. 머신러닝 기술이 AR과 찰떡궁합으로 만나면서 AR 필터의 새로운 세상이 열렸다고 해도 과언이 아냐!스냅챗과 협업한 기업들은 렌즈 스튜디오를 통해 3D로 된 제품을 제작할 수도 있어. 렌즈 스튜디오는 AR 필터로 제품을 착용해볼 수  있게 만드는 소프트웨어 프로그램이야. 스냅챗 사진란에 들어가서 착용하고 싶은 브랜드나 물건을 검색해봐. 그러면 스냅챗 내부에 있는 쇼핑 렌즈의 이미지 필터를 통해서 가방, 안경 같은 걸 바로 써 볼 수 있다고.오 잘 어울리는데?라는 생각이 든다면 구매하기 버튼을 누르면 돼. 그러면 바로 구매 가능한 홈페이지로 연결까지 되지. 이 정도면 AR 기술로도 실제처럼 쇼핑을 즐길 만하지?젠리는 지도로 소통하는 소셜앱이야. 친구추가를 하면 친구가 어딨는지, 장소를 실.시.간으로 알 수 있어! 위성위치확인시스템(GPS)이 젠리 앱 내에서 계속해서 장소를 기록해. 그래서 새로운 장소를 가게 되면 마치 안개가 사라지 듯 그 지도가 선명해지지.내가 방문했던 장소에 알림을 받을 수 있어. 또 젠리를 사용하는 친구끼리 같은 장소에서 만나면 범프(Bump)라고 알람이 뜨기도 해! 젠리 앱에 들어가서 휴대폰을 두드려보면 된다고. 이렇게 범프를 받으면 젠리를 이용하는 다른 친구들에게도 누구와 누구가 범프를 했다고 떠! 아 얘랑 쟤랑 같은 장소에 있었네? 이렇게 바로 알 수 있어!스타일쉐어는 소셜미디어(SNS) 기반의 쇼핑 앱이야. Z세대는 연결과 비주얼에 관심이 높다고 말했지? 다른 사람들은 어떻게 옷을 입는지, 내 취향과 비슷한 패션은 무엇인지 이 앱을 통해 볼 수 있어. 자신의 패션도 뽐낼 수 있고 패션과 메이크업 노하우, 패 션 조합 등을 물어볼 수도 있어.스타일쉐어는 좋아요 수와 댓글 개수를 종합해서 순서대로 보여주는 알고리즘이 핵심이야. 최신순서로 올라오는 것보다 우리 Z세대의 취향에 맞는 옷들을 빠르게 훑어볼 수 있지. 게시물을 여러 개 보다 보면 내가 본 옷 스타일과 비슷한 스타일도 추천해줘. 동영상을 추천해주듯 패션을 추천해주는 거야.",0
Z세대의 문화,test,0
MZ세대 내가 차이를 알려줄게 MILLENNIALS AND GEN Z,"이어지는 기사를 보려면?PART1. MZ세대의 차이는?PART2. Z세대의 문화PART3. Z세대의 사진, 쇼핑, 소셜 앱",0
MZ세대의 차이는,"M세대는 1980년부터 1995년 사이에 태어난 세대를 말해. 밀레니얼 세대의 앞글자를 따서 M세대로 불려. 1960대 중반에서 1970년대 말에 태어난 X세대의 뒤를 잇는다는 의미로 M세대는 Y세대라고도 불려. 인터넷을 청소년 때부터 사용했고, PC 사용이 익숙한 세대야. TV로 대표되는 대중문화에도 익숙해진 세대이지.Z세대는 1996년부터 2000년대에 태어난 세대야. 밀레니얼 세대인 M세대, 즉 Y세대의 뒤를 잇는다는의미를 담아 Z세대라고 이름 붙여졌어. 아날로그에서 디지털로 바뀌는 시대에 자란 M세대와는 달라.Z세대는 디지털 세상에 태어났어. PC보다 스마트폰이 익숙하고 긴 글보다 짧은 동영상이나 이미지를 선호해.",0
우크라이나 우주전쟁,"전쟁은 인류사에 비극을 남긴다. 하지만 과학기술 분야에 막대한 투자가 이뤄지고 급진적인 변화를 불러오기도 한다. 전쟁은 그간 공개되지 않았거나 앞으로 수~수십년 후 상용화될 기술을 미리 엿보는 기회 가 되기도 한다. 실제 민간 기업을 필두로 한 우주기업의 기술은 전쟁의 판도를 바꿀 결정적 장면에 등장했다. 지난 2월 본격적으로 시작된 러시아-우크라이나 전쟁의 이야기다.결정적 장면 1 일론 머스크의 스타링크, 전쟁 참상 알리다러시아는 본격적인 우크라이나 침공 전후로 통신시설과 방송국을 공격했다. 그 결과 우크라이나의 수도인 키이우를 비롯해 전역에서 인터넷과 방송 등 외부와의 연결이 끊길 위험 에 처했다.미하일로 페도로프 우크라이나 부총리는 트위터를 통해 일론 머스크에게 우크라이나에 스타링크를 지원해달라고 요청했다. 일론 머스크는 곧장 우크라이나로 안테나와 셋톱박스를 보냈다. 우크라이나에서 스타링크 접속이 가능해졌다.스타링크는 일론 머스크가 설립한 민간 우주기업인 스페이스X에서 운영하는 위성 인터넷 서비스다. 위성 인터넷은 지구 저궤도에 통신위성을 띄워 인터넷에 접속할 수 있 도록 하는 시스템을 말한다. 안테나와 셋톱박스 등 간단한 장비만으로도 장소와 상관없이 인터넷에 연결할 수 있다는 장점이 있다.우크라이나가 스타링크를 사용하면서 과거 전쟁에서는 보기 어려웠던 참상이 인터넷을 통해 전 세계로 퍼져 나갔다. 방공호에 대피한 시민들은 삶의 터전을 떠나온 비참한 모습이나, 침략에 맞서 결의를 다지는 모습을 스스로 촬영해 세상에 알렸다.민간인 학살 같은 전쟁범죄도 드러 났다. 4월 4일 뉴욕타임스는 민간기업인 맥사 테크놀로지의 위성사진을 분석해 키이우 외각에 민간인의 시신으로 보이는 물체가 수주 간 방치됐다는 사실을 발견했다. 우크라이나는 꾸준히 러시아가 전쟁범죄를 일으키고 있다고 주장했지만, 러시아가 부정하면서 양국의 신경전이 치열하던 시기였다.안형준 과학기술정책연구원(STEPI) 국가우주정책연구센터 정책연구2팀장은 국가가 소유한 정찰위성과 통신위성 등은 한정적이고 폐쇄적으로 활용됐다며 민간 기업의 정보는 공개적인 만큼 대중들이 쉽게 접할 수 있어 선전전이나 여론전에서 활용된다면 침략국에게 큰 부담이 될 것이라고 말했다.이번 전쟁은 대중들이 가졌 던 민간 우주기업의 기술력과 활용성에 대한 인식에도 큰 변화를 가져 올 전망이다. 상용화가 쉽지 않을 것으로 보이던 우주기술이 실제 전쟁에 활용되며 우려를 불식하는 기회가 된 덕이다. 이창진 건국대  기계항공공학부 교수는 과거 위성 통신 서비스 이리듐 프로젝트가 높은 비용과 낮은 품질 등으로 실패한 사례를 두고 스타링크도 마찬가지로 상용화가 어려울 것이라고 보는 이들이 많았다며 하지만 이번 전 쟁에서 부각된 스타링크의 효용성 덕분에 관련 산업이 대중들의 관심과 지원을 받을 가능성이 높아졌다고 말했다.결정적 장면 2 모스크바함은 왜 침몰했을까4월 14일 러시아 흑해 함대의 기함인 모스크바함이 알 수 없는 이유에 의해 침몰했다. 이유는 정확히 밝혀지지 않았지만, 많은 전문가들은 우크라이나의 미사일 공격 때문이라고 말한다. 4월 15일 워싱턴포스트는 미국 국방부 고위당국자에 따르면 미사일 2기가 명중하면서 모스크바함이 침몰했다고 보도했다. 러시아 군은 미사일 생산 공장을 포격하기도 했다. 정황상 모스크바함의 침몰에 대한 보복 공격이라는 분석이 있다.그런데 한 가지 의문이 있다. 미사일로 바다에 떠 있는 군함을 맞추기 위해서는 표적의 정확한 위치를 알아야 한다. 흑해에 해군 전력이 없는 우크라이나 입장에서는 모스크바함의 위치를 알아내기 어려운 상황이었다.만약 우크라이나가 모스크바함을 침몰시킨 게 맞다면, 무슨 방법으로 위치를 알아낸 걸까. 모스크바함 침몰 이틀 뒤인 4월 16일, 드미트리 메드베데프 러시아 국가안보회의 부의장이 스타링크의 요격을 지시했다는 소식이 퍼졌다. 이를 두고 일각에서는 우크라이나가 스타링크 위성의 도움을 받아 미사일로 모스크바함을 명중시켰다며 그에 대한 보복성 지시일 것이라는 예측이 나왔다. 러시아의 스타링크 요격 계획은 정부사이트를 흉내 낸 가짜 홈페이지에서 시작한 가짜뉴스였다. 하지만 전문가들은 우크라이나가 위성 자료를 이용해 모스크바함을 침몰시켰다는 분석에 무게를 싣고 있다.위성을 활용한 전략은 우크라이나가 군사력이 열악한데도 장기간 버틸 수 있는 동력이 됐다. 우크라이나는 무인 드론을 활용해 이동중인 러시아의 군사 전력과 물자를 공격해 진격을 늦추는 전략을 사용했다. 전문가들은 이때도 우주기업에서 제공하는 위성사진이 러시아군의 위치를 파악하는 데 중요한 역할을 했을 것이라 보고 있다.안 팀장은 그간 통제되던 정보가 널리 활용되면서 전쟁의 개념에도 많은 변화가 생겼다며 이런 변화를 인식하지 못하고 전력과 물자의 이동 계획을 수립한 게 러시아군의 패착으로 보인다고 말했다.결정적 장면 3 우주정거장 추락시키겠다는 러시아미국은 러시아를 국제 결제망에서 퇴출시키는 등 고강도의 경제 제재를 가하고, 우크라이나에는 군수품을 제공하는 등 지원에 나서고 있다. 이번 전쟁이 러시아와 미국의 대리전으로 이뤄지는 상황에서, 두 국가가 협력하고 있는 국제우주정거장(ISS)에 우려의 시선이 쏠렸다.ISS는 1998년 본격적으로 착공해 러시아와 미국 등 주요국에서 제작한 모듈을 조립해 완성됐다. 현재까지 운영되는 유일한 우주정거장이다. 우주비행사들은 이곳에서 오랜기간 머물며 인간의 신체변화를 관찰해왔다. 또 무중력 상태라는 특수한 조건에서 각종 과학실험을 진행해 새로운 사실들을 발견했다.2월 25일 드미트리 로고진 러시아 연방우주국 국장은 트위터로 선전포고를 했다. 그는 미국이 우크라이나를 지원하겠다고 하자 미국인 우주비행 사가 소유즈에 탑승하지 못할 것이며, ISS에 장착된 러시아의 추진 제어 모듈을 제거하겠다고 말했다. 만약 러시아의 추진 제어 모듈이 사라진다면 동력을 잃은 ISS가 지구로 추락하게 된다.러시아는 유럽이 나 미국과의 우주협력을 철회하는 조치도 내놨다. 유럽우주국(ESA)과 프랑스 기아나 국립우주연구센터가 운영하는 시설에서 러시아 직원들을 철수시켰고, 그간 러시아의 소유즈 로켓을 통한 영국 위성통신 서비스기업 원웹의 위성 발사를 중단시켰다. 미국 기업에 판매하는 로켓엔진의 수출도 막은 상황이다.5월 2일 러시아 관영통신사 타스와 블룸버그통신은 러시아가 미국과의 ISS 사업에서 철수할 계획이라고 보 도했다. 러시아에 가해진 경제제재가 가장 큰 이유다. 안 팀장은 ISS는 러시아와 미국의 우주개발 협력의 상징이자, 인류의 과학기술 유산으로서의 의미가 큰 만큼 러시아의 철수는 앞으로 우주개발에 큰 변 화를 가져올 것이라며 특히 중국과 러시아는 자체적인 달 탐사 계획을 수립하는 등 우주를 무대로 한 냉전이 열릴 가능성도 고려해야 한다고 말했다.한국도 우주사령부 수립 계획 발표이번 전쟁 전부터 우주 는 안보에 중요했다. 미국 국방부는 전통적인 전장으로 꼽히는 육지와 해상, 공중을 넘어서 우주를 제4의 전장으로 규정하고 있다. 물론 당분간 적극적인 우주의 전장화는 어려울 전망이다. 유엔(UN)은 1963 년 우주법, 1967년 우주조약, 1979년 달협약 등을 선언하며 우주의 평화적 이용이라는 대전제를 제시했다.일부 국가에서는 미래 분쟁에 대비해 우주 군사활동을 준비하고 있다. 미국과 러시아, 중국 등은 우 주임무를 전담하는 조직을 창설했고, 관련 기술을 개발하고 있는 것으로 추정된다. 한국군도 최근 대기권 밖에서 오는 위협에 대처하는 우주작전사령부를 2030년까지 만들겠다는 계획을 발표한 바 있다.안 팀장은 이번 전쟁을 계기로 국내에서도 우주안보에 대한 준비를 해야 한다는 목소리가 힘을 얻을 것이라며 다만 군사적 목적의 우주개발은 주변국을 자극할 수 있어 외교와 안보 사이에서 균형 있는 우주안보  정책이 수립될 필요가 있다고 말했다.이번 전쟁을 계기로 한국의 우주개발 방향을 다시 고민해야 한다는 목소리도 있다. 우주에서 지구를 관측한 데이터를 활용해 부가가치를 창출하는 산업도 적극 육성해야 한다는 것이다. 이 교수는 우주기술 개발을 위해서 투자되는 분야를 보면, 한국은 지난 30년간 발사체, 인공위성 등을 만드는 하드웨어 기술에 집중해 성과를 내고 있다며 이번 전쟁은 우주에서 지구를 관측 한 데이터의 확보 및 활용이 중요하다는 점을 깨닫는 계기가 될 것이라고 말했다.",0
태양계 끝 소외된 행성 천왕성의 재조명,"국립과학기술의학아카데미(NASEMNational Academies of Sciences, Engineering, and Medicine)는 10년 주기로 행성과학10년 계획 보고서를 발표한다. 올해 발표한 보고서에서 NASEM은 천왕성 탐사선의 우선순위를 가장 높은 등급으로 분류했다. 토성계를 방문했던 카시니-하위헌스 탐사선처럼 궤도선과 탐사정(Probe)으로 구성된 탐사선을 보내 수년간 천왕성을 관측하고, 그 대기로 직접 들어가 봐야 한다는 제안이다. 천왕성의 기원을 탐구하고 대기와 내부 구조를 관찰하기 위해, 대단히 독특한 자기권의 구조와 체계를 이해하기 위해, 그리고 천왕성의 고리와 위성을 조사하기 위해서다.태양계의 행성은 흔히 지구형(고체행성)과 목성형(거대가스행성)으로 나뉜다. 행성의 주요 구성 성분이 암석, 금속 등 비휘발성 물질로 구성된 고체행성과 액체 혹은 기체 수소, 헬륨 등으로 구성된 거대가스행성으로 나눈 것이다.과거에 천왕성과 해왕성은 목성형 행성으로 여겨졌다. 그러나 탐사 결과 이들은 목성, 토성과 같은 카테고리로 분류하기에는 조금 다르다는 것이 확인됐다. 태양으로부터의 거리가 멀어 대기 아래 깊은 곳에는 얼어붙 은 메테인과 물, 암모니아가 있고, 행성 내부 가장 안쪽에는 암석과 얼음이 뒤섞여 있을 것으로 보이기 때문이다.천왕성과 해왕성도 서로 조금 다르기는 하지만, 행성 전체를 놓고 볼 때 두 행성은 거대얼음 행성이라는 세 번째 카테고리에 묶어 두는 것이 타당해 보인다. 목성과 토성은 자세히 탐사한 적이 있으나 두 거대얼음행성은 아직 자세히 살펴보지 못했다. 둘 중 무엇을 먼저 탐사해 볼 만한가 하면, 그래 도 조금 더 가깝고 조금 더 잘 알고 있는 천왕성일 것이다. 다른 행성의 중력을 잘 활용하면 천왕성에 궤도선을 보낼 수 있다.이미 더 멀리 있는 명왕성에도 탐사선을 보냈는데, 그에 비하면 가까이에 있는  천왕성 탐사는 이제 쉽지 않을까? 그렇지 않다. 명왕성 탐사선 뉴허라이즌스호는 명왕성 근처를 한 차례 지나갔을 따름이다. 물론 그 한 번의 근접 비행(flyby)으로도 우리는 귀중한 자료를 많이 얻었다. 이 번 보고서에서 나온 제안은 천왕성과 그 위성들 주위에 수년간 머무르며 천왕성을 집중적으로 탐사하자는 것이다.천왕성 방문, 보이저 2호가 처음이자 마지막천왕성은 태양으로부터 28억 8000km 떨어져있다. 태양과 지구 사이의 평균 거리를 의미하는 천문단위(AU)로 환산하면 약 19.2 AU에 해당하는 거리다. 천왕성 바로 안쪽을 도는 토성이 태양으로부터 약 9.5 AU 거리에 있음을 생각하면, 천왕성의 발견으로 당 시 인류가 인지하고 있던 태양계의 너비가 두 배 이상 넓어진 셈이다.그렇게 멀리 떨어져 있다 보니 천왕성을 방문하는 일은 쉽지 않았다. 최초의 인공위성 스푸트니크가 발사된 1957년을 우주 탐사의 원년이라 한다면 우리 인류의 우주 탐사 역사는 반세기를 훌쩍 넘은 지 오래다. 그런데도 지금껏 천왕성에 가까이 간 탐사선은 보이저 2호뿐이다.1977년 지구를 떠난 보이저 2호는 9년여의 항해 끝에 천왕성을 만났다. 보이저 2호가 보내온 사진 속 천왕성은 연한 청록색의 민무늬 공처럼 보였다. 보이저 2호는 지구에서의 관측으로는 분별하지 못했던 두 개의 고리를 추가로 발견했다.보이저 2호의 관측으로 알게 된 흥미로운 사실 중 하나는 천왕성 자기권의 형태가 아주 특이하고 불규칙하다는 것이다. 행성의 자기장은 주로 행성의 자전과 관련돼 있어서 자기장의 회전축은 자전축에 평행한 경향이 있지만, 천왕성의 자기장은 자전축으로부터 약 59도 기울어져 있었다. 이런 이유로 천왕성에서는 오로라가 극 지역이 아니라 중위도 지역에서 발생한다. 이후 허블우주망원경 관측으로 중위도에 발생한 오로라가 확인됐다.천왕성은 자 전축이 거의 누워 있어 공전궤도면 상에서 구르다시피 하는, 태양계에서 가장 독특한 궤도 운동을 하는 행성이다. 공전축을 기준으로 자전축의 기울기는 98도나 된다. 여기에 더해 자기장의 형태까지 고려하 면 과거 천왕성에 다양한 충돌이 여러 차례 있었으리라 짐작해볼 수 있다.여기저기 부딪히고 심하게 긁힌 흔적이 가득한 위성들의 모습은 더욱 눈길을 끌었다. 지구상의 망원경으로는 여러 위성의 존재까지만 알 수 있었다. 그런데 보이저 관측으로 가까이에서 본 위성들, 특히 미란다는 추상화에 비유될 정도로 기괴한 모습을 하고 있었다. 과거 그곳에선 대체 어떤 일이 벌어졌던 것일까. 처음 생겨난 이래 오늘날의 천왕성계를 이루기까지 이 거대한 얼음 행성과 그 위성들에는 어떤 역사가 흘러갔을까.시속 900km 강풍, 영하 224C 얼음 세계보이저 2호는 천왕성 주위에 오래 머무르지 못했다. 8만 1500km 거리까지 접근했다가 다시 서서히 멀어져 간 것이 전부다. 이후 보이저 2호는 항해를 계속해 해왕성의 근접 사진을 찍는 데까지 성공했다. 지금은 태양계의 끝자락인 태양권계면을 넘어 더 먼 우주로 나아가고 있다. 천왕 성을 방문한 것은 보이저 2호가 처음이자 마지막이다. 우리가 교과서에서 본 천왕성 근접 사진은 모두 보이저 2호의 작품이다.얼핏 보면 아무런 무늬도 없는 듯하지만, 천왕성의 대기는 보기보다 역동적이다. 보이저 2호의 사진도 자세히 보면 구름과 어두운 반점 등이 있다. 보이저 관측 이후 과학자들은 지구상에 건설된 대형 망원경과 허블우주망원경, 찬드라 우주망원경을 통해 간헐적으로나마 더 다양한 파장에서 천왕성을 관찰해왔다.겉으로는 고요해 보이지만 다른 행성들처럼 위도에 따라 바람의 방향이 바뀌고, 때로는 시속 900km에 이르는 강풍이 분다. 대기 온도가 최저 영하 224C(49K)에 달할 만큼 낮아 가히  얼음 세계라고 부를 만하다. 최근의 관측에서는 다른 행성에 비해 유독 넓은 영역에서 X선을 방출한다는 것이 발견됐다. 때로는 태양에서 플레어가 터지듯 폭발적인 형태로 관측돼 과학자들의 호기심을 끌고 있다.2040년대 중반, 거대얼음행성으로 탐사선 보내자천왕성에 관심을 가져야 할 이유가 하나 더 있다. 우리는 지금까지 태양계 너머 다른 별 주위를 도는 외계행성을 5000여 개도 넘게 발견했다. 그중 고체 행성이 35%, 거대기체행성이 30%, 천왕성, 해왕성과 같은 거대얼음행성이 35% 정도의 비율을 이룬다. 고체행성과 거대기체행성은 그간 심층적 탐사가 거듭 이뤄져 왔다. 이제 그동안 소외됐던 거대얼음행성으로 우리의 탐사 영역을 확장할 차례다. 천왕성 탐사는 태양계 내의 거대얼음행성뿐 아니라, 태양계 밖 더 넓은 우주를 이해하는 데 도움될 것이다.이번 행성과학10년 계획 보고서에 따르면, 2031년에서 2032 년 무렵에 탐사선을 발사할 경우 목성 중력의 도움을 받아 효율적으로 천왕성에 가 닿을 수 있다. 예상되는 항해 소요 시간은 13년 정도. 보고서의 권고대로 탐사가 진행된다면 2040년대 중반에 궤도선과 탐 사정이 천왕성 궤도에 도착한다. 20여 년 뒤 신비로운 얼음 세계를 맞이하기 위해 지금, 도약을 준비할 시간이다. 심채경. 행성과학자. 태양계에 있는 목성, 토성, 타이탄과 같이 대기가 있는 천체와 달, 수 성, 소행성과 같이 대기가 없는 천체를 두루 연구한다. 때로는 망원경으로 멀리서, 때로는 탐사선으로 가까이 다가가서 천체를 살피고자 노력한다. 지은 책으로 천문학자는 별을 보지 않는다, 옮긴 책으로 우아한 우주 등이 있다.",0
점술에도  미래가 있을까,"점술과 과학이 만났다? 외국의 한 스타트업은 미국항공우주국(NASA)의 실시간 별데이터를 기반으로 점성술을 보는 앱을 서비스한다. 생년월일, 장소 등을 입력하면 출력 값이 매일 바뀌고, 인공지능(AI)이 역술인을 추천해주기도 한다. 점술과 테크를 합쳤다는 의미에서 점테크라 불린다. 점테크 시장이 국내외에서 커지고 있다. 그런데 점술에 데이터와 알고리즘을 더했다고 해서 과학이라고 부를 수 있을까. (고호관 과학과 SF에 관한 글을 쓰거나 번역하고 있다. 2015년 제2회 한낙원 과학소설상과 2019 SF어워드 중단편 부문 우수상을 받았다.)내 사주를 처음으로 봐준 건 컴퓨터 프로그램이었다. 그때가 1990년쯤이었 는데, 당시 컴퓨터 학원에 있던 16비트 컴퓨터로 돌릴 수 있는 사주팔자 프로그램이 있었다. 생년월일을 입력한 뒤 찍찍- 하는 소리가 크게 울려 퍼지는 프린터로 사주팔자 출력본을 기다리던 기억이 난다.  첨단 문물이라는 컴퓨터를 배우면서 기껏 하는 일이 사주팔자 보는 것이었다니.과학기술이 훨씬 더 발전한 지금도 점이니 운세니 하는 미신에 관한 관심은 조금도 수그러들지 않은 것 같다. 세계 최초의 컴퓨터로 불리는 고대 그리스의 안티키테라 장치도 점성술에 쓰였다는 연구 결과가 있는 것으로 보아 당대의 첨단 기술이 점을 치는 데 쓰이는 건 어쩔 수 없는 일인가 싶기도 하다. 스마트폰 앱스토어에 사주나 운세 점성술 등을 검색하면 수많은 앱이 나온다. 심지어는 첨단 기술로 무장하고 있다고 광고하기도 한다. 복잡한 알고리즘으로 사주를 풀이해준다거나 인공지능으로 사용자의 특성을 분석한 뒤 잘 맞는 역술인과 연결해준다는 식이다.미국의 한 기업이 만든 점성술 기반의 소셜미디어(SNS) 서비스는 NASA의 관측 데이터로 점을 친다. 인공지능 기반의 알고리즘으로 사용자의 생년월일과 사는 지역, 천체의 움직임  등을 분석해 그에 맞는 문구를 보여준다. 이 서비스가 성공을 거뒀다는 건 많은 사용자가 그런 문구에 깊은 인상을 받았기 때문일 것이다.이는 포러 효과로 충분히 설명할 수 있다. 1948년 미국 심리학자 버 트넘 포러는 학생들을 대상으로 성격 검사를 시행했다. 하지만 검사는 사실 거짓이었고, 포러는 모두에게 똑같은 분석 결과를 보여줬다. 당신은 다른 사람들이 당신을 좋아하고 존경하기를 바라는 큰 욕구가 있다. 당신은 자신에게 비판적인 경향이 있다와 같이 이어지는 이 분석은 점성술에서 사용하는 문구를 그대로 복사해온 것이었다. 실제 자신의 성격과 얼마나 잘 맞는지를 점수로 매겨보라고 했더니 5점 만점에 4.26점이 나왔다.성격 분석만이 아니다. 운세를 보는 사주나 타로 등 웬만한 점술에는 다 적용할 수 있다. 성격이든 앞날의 일이든 두루뭉술하게 늘어놓으면, 사람들은 어떻게든 그 내용을 자신과 결부해 생각하기 마련이다. 진짜 용한 역술인이 있는 게 아니라 많은 사람이 용하다고 믿게 만드는 기술 좋은 역술인이 있을 뿐이다.첨단 기술을 접목한다고 해도 달라지는 건 없다. 생년월일이나 밤하늘에 보이는  천체의 움직임이 사람의 성격이나 운명에 영향을 끼친다는 근거는 어디에도 없다. 알고리즘을 복잡하게 만들거나 인공지능을 활용한다고 해서 없는 근거가 생기는 건 아니다. 고대 그리스인이 조각한 안티키 테라 장치로 친 점보다 내가 몇 MHz(메가헤르츠1MHz는 100만Hz)로 작동하는 16비트 컴퓨터로 봤던 사주팔자가 더 정확할까?이영도의 SF소설 별뜨기에 관하여는 지금 우리보다 더 적극적으로 점성술을 활용하 는 존재가 나온다. 예를 들어, 사주에 맞춰 아이를 낳듯이 태어날 아이에게 좋은 팔자를 마련해주기 위해 초광속 우주선을 타고 원하는 별자리가 보이는 곳에 가서 아이를 낳는다. 우주를 자유롭게 여행하는 시기가 올 때까지도 이런 미신이 유지되고 있을까? 지금까지의 역사로 봤을 때 어쩌면 정말 그렇게 될지도 모르겠다.",0
부검으로 사인 밝히는 동물 국과수를 찾다,"경북 김천에는 조금 특별한 실험실이 있다. 실험대 위에는 마치 방송국에서나 볼법한 커다란 카메라가 설치돼 있다. 여기서 벌어지는 일은 이 카메라를 통해 빠짐없이 기록되고, 때로는 생중계되기도 한다.  모두 동물들의 억울한 죽음의 이유를 밝히기 위해서다.잠시만요. 지금 막 사체가 도착해서요.5월 6일 경북 김천에 위치한 농림축산검역본부(검역본부) 질병진단과 연구실에 들어서자 바삐 부검 채비를 갖추고 있는 연구원들이 보였다. 동물 학대가 의심돼 경기 하남경찰서에서 의뢰한 사건의 샘플이 지금 막 도착한 참이었다. 목에 끈이 묶여 죽은 채 발견된 고양이의 사인을 밝혀달라는 요청이었다.목 매달린 고양 이 사망 원인은?김아영 검역본부 질병진단과 수의연구사의 주도로 부검이 시작됐다. 목이 졸린 채로 발견됐기 때문에 질식사를 먼저 의심해야 했다. 김 수의연구사는 목 주변의 털을 밀고, 상처를 살폈다. 별다른 외상이 보이지 않자 몸 내부를 살피기 위해 배를 갈랐다. 가스가 차 크게 부풀어 오른 위가 먼저 눈에 띄었다. 폐와 위, 간, 소장, 대장을 차례로 떼어내 병변을 살폈다.죽은 뒤 일정 시간이 지나면 장 내에 가스가 차기도 하는데 직접적인 사인은 아니에요. 췌장에 큰 출혈이 있는 걸 보니 췌장염이 의심되고요. 간에도 반점이 있는 걸 보니 문제가 있어 보여요.장기의 병변(비정상적인 세포나 조직)을 살피던 김 수의연구사는 조직을 각각 조금씩 떼어냈다. 추후 조직검사를 통해 원인을 분석하기 위해서였다. 부풀어 올랐던 위는 가스를 제거한 뒤 약동물검사를 위해 국립과학수사연구원(국과수)으로 보냈다. 김 수의연구사는 조직검사를 거쳐 사인을 확정하게 되겠지만 일단은 동물 학대보다는 질병사에 무게가 쏠리네요라고 말했다. 다행인지(?) 모르겠지만 일단은 사람에 의한 학대는 아닌 것 같았다.죽음의 원인을 밝 히는 데는 평균 14일이 걸린다. 부검을 해서 병변 부위를 확인하고, 모르는 분야는 사례조사나 문건조사를 통해 확인한다. 보통 수의사 한 명에 2~3명의 연구원이 한 팀을 이뤄 진행한다. 부검 과정은 사진으로 꼼꼼히 남기고, 필요한 경우 생중계하며 의견을 나누기도 한다. 나중에 증거물로 활용할 수 있기 때문이다.동물학대 의심 부검 의뢰, 3년만에 2배 증가검역본부 질병진단과는 포유류의 질병을 연구하고 진단하는 곳이다. 주로 부검을 통해 동물의 사인을 밝히고, 조직학적 검사로 병이 생긴 원인(병리)을 연구한다. 동물이 병에 걸리면 특이한 병변을 나타낸다. 심장에 문제가 있다면 관상동맥이 막히고, 파보바 이러스에 감염됐다면 장의 색깔이 빨갛게 변하는 식이다. 이런 증상에서 단서를 얻어 질병을 추적한다. 사실상 국내에서 동물의 부검을 진행하는 가장 큰 기관이다.급사한 경우, 집단폐사한 경우, 적절한 치 료를 했는데도 죽은 경우 등 주로 임상 수의사가 판단하지 못한 사례가 질병진단과로 모인다. 폐렴, 설사 등 흔한 증상이지만 정확한 원인을 알고 싶을 때 수의사가 개별적으로 의뢰하기도 한다.최근에는 경 찰서에서 동물보호법 위반 의심 사례로 의뢰하는 경우가 늘고 있다. 특히 동물 학대가 의심돼 부검을 의뢰하는 경우는 2019년 102건이었던 데 반해 지난해에는 228건으로 두 배 이상 늘었다. 올해도 3월까지 92건이 접수돼 지난해 수치를 뛰어넘을 것으로 예상된다.이경현 검역본부 질병진단과 수의연구관은 동물 학대에 대한 인식이 매년 달라지는 것을 체감한다며 실제 동물 학대가 늘어난 것도 있겠지만 사회적  분위기가 달라지며 부검을 의뢰하는 사례가 늘고 있다고 말했다. 예전에는 길에 고양이가 죽어 있어도 그냥 넘어갔다면, 최근에는 동물 학대를 의심해 신고하는 사람들이 늘었다는 것이다.동물 학대는 결국  인간을 대상으로 한 범죄로 이어진다는 것이 그간 많은 통계로 증명됐다. 미국 노스이스턴대와 동물구조단체 MSPCA가 발표한 자료에 따르면 미국 매사추세츠주에서 1975년부터 1996년까지 고발된 동물학대범 268명 중 45%는 살인, 36%는 가정폭력, 30%는 아동 성범죄를 저질렀다. 동물학대범이 사람을 폭행할 확률은 일반인보다 5배 더 높았다. 국내에서도 강호순, 유영철 등 연쇄살인범들에게서 흔히 동물 학대 전 력이 발견된 바 있다.동물 학대, 인간 향한 범죄로 이어진다실제 이경현 수의연구관도 비슷한 경험담을 들려줬다. 올해 3월, 경북 포항 폐양어장에 고양이를 스무 마리 이상 가둬놓고 9마리 이상을 잔혹하게 살해한 사건이 있었다. 당시 부검을 담당했던 이 수의연구관은 고양이를 집어던지거나 해부하는 등 각기 다른 방법으로 죽인 것을 보고 연습을 한 것 같다는 인상을 받았다고 말했다.동물보호 관련법 개정안 을 발의한 맹성규 더불어민주당 국회의원은 다양한 연구에서 동물 학대를 약자혐오 범죄로 본다며 사람을 대상으로 한 범죄의 전조증상이라고 경고한다고 말했다.동물 복지 수준을 높이자는 사회적 합의가 이뤄지면서 최근에는 31년 만에 동물보호법이 전면 개정됐다. 4월 26일 농림축산식품부는 동물보호법 전부개정법률을 공포하며 2023년 4월 27일부터 시행한다고 발표했다. 반려동물에게 최소한의 사육 공간이나 먹이를 제공하지 않는 것도 학대로 간주하는 등 동물 학대의 범위가 늘어났고, 처벌도 3년 이하의 징역이나 3000만 원 이하의 벌금으로 강화됐다.하지만 동물 학대 사례는 나날이 증가하고 있다. 경찰청에  따르면 지난해 동물보호법 위반 범죄 발생 건수는 1071건으로 2011년 98건에 비해 10배 이상 증가했다. 이 중 실제로 처벌되는 사례는 극히 일부에 불과하다. 실형을 선고받은 경우는 2019년까지 통틀어 단 10건에 불과하다.이경현 수의연구관은 동물보호법을 위반해도 증명하지 못해 처벌로 이어지지 않는 경우가 많다고 말했다. 동물이 살아있을 때 죽이거나 가해행위를 했다는 사실을 증명하지 못하면 현행법상  처벌할 수 없기 때문이다. 법률 강화와 더불어 혐의를 입증할 수 있는 제도가 갖춰질 필요성이 제기된다. 수의법의학센터, 일명 동물전용 국과수가 필요한 이유다.동물 국과수 기능 한곳으로 모아야검역본부 는 수의법의학센터 설립을 추진하고 있다. 구복경 검역본부 질병진단과장은 동물 학대 관련성 진단을 신속 정확하게 원스톱 진단할 수 있는 수의법의학센터를 만들어야 한다고 말했다.지금은 동물 국과수의  역할을 검역본부와 수의대, 지자체 동물위생시험소가 경찰청, 국과수와 공조하며 담당하고 있다. 하지만 사각지대가 있다. 독성검사는 사인을 밝히는 데 중요한 역할을 하지만 검역본부에는 분석기기가 없다. 그래서 대부분 국과수에 의뢰하고 있다. 이경현 수의연구관은 국과수에서도 초콜릿처럼 사람에게는 무해하지만 동물에게 치명적인 약물은 검사할 수 없다며 동물에 특화된 분석기기를 갖출 필요가 있다고 말했다.수의법의학센터가 생겨도 전문인력을 확보해야 하는 어려움이 있다. 수의법의학자가 되려면 병리학을 기본으로 해부학, 독성학 등 다방면의 지식이 필요한데, 아직 우리나라에는 전문기관도 없다. 구복 경 과장은 교수가 되는 것 외에는 높은 퀄리티의 시장이 없어 국내 수의병리학 전공자가 크게 줄었다며 검역본부가 스스로 교육에 나서고, 인센티브를 줄 수 있는 시스템을 마련해야 한다고 말했다.",0
연준이 누군데  금리를 올려,"지난 5월 4일 연준은 기준금리를 0.5% 인상한다고 밝히며 일명 빅 스텝을 밟았습니다. 앞서 3월 16일에 이미 0.25%를 인상했죠. 이게 끝이 아닐 겁니다. 연준이 내년 말까지 기준금리를 수 차례 더 인상할 수 있다는 메시지를 전했기 때문입니다. 기자가 핏대를 세우며 연준을 논하는 이 순간 무안해지는 말이 들려오는군요. 그러니까 연준이가 누구인데 금리를 자꾸 올려? 스텝은 왜 또 밟아? 걔 혹시 뭐 돼?미국, 두 달 사이에 금리 0.75% 인상연준은 미국 연방준비제도(FedFederal Reserve System)의 약칭입니다. 미국의 중앙은행입니다. 기준금리를 조정하고 화폐를 발행하는 등 통화 정책을 세우는 곳이죠. 국내의 한 국은행을 떠올리면 됩니다. 다만 한국의 중앙은행이 단일기관이라면, 미국은 지역별로 연방준비은행 12개를 두고 있습니다. 여기에 연방준비제도이사회, 2800여개의 회원은행 등이 연합한 조직입니다. 미국은 통화 권력이 한곳으로 집중되는 것을 견제하기 위해서 이런 연합체계를 만들었죠.그리고 중앙은행이 기준금리를 한 번에 0.25% 인상한 경우 베이비 스텝, 그보다 2배인 0.5%를 인상하면 빅 스텝, 0.75% 인상을 자이언트 스텝이라 합니다. 미국 연준이 3월에는 0~0.25%였던 기준금리를 0.25% 올려 0.25~0.5%로 만들며 베이비 스텝을, 5월에는 0.75~1%로 0.5%를 더 올려 빅 스텝을 밟은 것이죠. 연준이 기준금리를 올린 건 3년 3개월 만이며, 빅 스텝은 2000년 5월 이후 22년 만입니다.금리를 올린 이유는 장기화된 팬데믹으로 오랜 시간 경기가 침체해 있었고, 그 여파로 발생하는 물가 상승을 피하기 위해서죠. 실제로 미 국 소비자물가지수는 3월 기준 1년 만에 8.5%까지 올랐습니다. 1982년 1월 8.4% 이후 40년 만에 최대치입니다.미국 금리 2.33%되면, 한국 연간 이자 40조원 증가한국도 긴장을 늦출 수 없습니다. 한국은 미국 금리에 동조해 결국 금리를 인상할 수밖에 없기 때문입니다. 한국이 금리를 올리지 않으면, 한미간 금리 격차가 커지고, 원달러환율은 급등하게 되죠. 물가 상승 가능성도 높아집니다. 또 외국인 투자자들은 몽땅 빠져나가 버릴 겁니다.그렇다면 한국 금리는 얼마나 오를까요? 지난 4월 14일 한국경제연구원(한경연)은 미국 물가상승률, 실업률 등 변수로 만든 모형으로 적정 기준금리를 추정했습니다. 그 결과 미 국의 올해 적정 기준금리는 2.33%인 것으로 분석됐습니다. 5월 기준 미국의 기준금리는 0.875%(0.75%～1%) 수준입니다. 그러니 아직도 1.45%가 더 오를 것이라는 전망입니다.또 한경연은 한미간의 적정 기준 금리 차이는 최소 0.53%로 추정했습니다. 미국 기준금리 인상에 동조하면 한국은 기준금리를 2.86%까지 인상해야 한다고 밝혔죠. 당시 금리(1.25%)에서 1.61%를 더 올려야 한다는 뜻입니다.문제는 금리가 오 르면 대출받은 가계의 이자부담이 굉장히 커진다는 점입니다. 한경연 분석에 따르면 기준금리가 1.61% 상승하면 가계대출 금리는 1.9% 상승합니다. 연간 이자부담 증가액은 약 40조 원가량 늘어납니다. 2021 년 통계청 가계금융복지조사에 따르면 금융부채가 있는 가구는 57.4%입니다. 국내 가구 수(약 2000만 개)를 고려하면 두 집 중 한 집이 내야할 이자가 1년 평균 345만 원씩 늘어나게 되는 것입니다. 미국 연 준의 정책은 사실상 한국을 비롯해 전 세계가 영향을 받게 됩니다. 기축통화를 발행하는 미국 연준은 전 세계의 중앙은행 격이기 때문이죠. 그래서인지 오늘도 제롬 파월 미국 연준 의장의 한 마디, 한 마디 에 지구는 잠들지 못 하고 들썩거립니다. (응, 걔 뭐 되는 것 같아)",0
밤마다 기도하는 식물 칼라테아,"칼라테아(Calathea)의 잎은 매우 놀라운 무늬를 가졌다. 초록색 바탕은 채도가 다양하다. 줄무늬는 섬세하고 보랏빛과 선홍빛이 섞인 불꽃 같은 패턴도 보인다. 금속과 같은 색감을 띠기도 한다. 가장자리 부분만 색이 다른 경우도 있고, 흰색이 불규칙하게 섞여 화려한 잎도 있다.칼라테아 중에서도 특히 반려 식물로 사랑받는 칼라테아 메달리온은 이 모든 특징을 집대성한 색감과 질감을 갖고 있다. 커다란 잎에 고운 새의 깃털을 섬세한 터치로 그려 놓은 것만 같다. 가장 안쪽에는 연둣빛 깃털 모양이, 그 주변으로는 진녹색의 패턴이 불꽃 모양으로 그려져 있다. 테두리를 감싸는 빛깔은 거의 흰색에 가까워 극적인  대비를 이룬다. 가장 바깥쪽 테두리는 다시 눈에 편안한 녹색이다. 잎의 뒷면은 진한 자줏빛을 띤다.칼라테아의 새잎은 웨이퍼 롤 과자처럼 돌돌 말려 나온다. 꽃은 겹겹의 바구니 모양으로 피어난다. 꽃 색 은 품종마다 다르다. 눈길을 한눈에 사로잡는 오렌지색 꽃을 피우는 종도 있다. 볼수록 신기하고 아름다운 식물이다. 칼라테아는 마란타과(Marantaceae)에 속한다. 칼라테아라는 속명은 바구니를 뜻하는 그리스어 칼라토스(kalathos)에서 나온 말로, 꽃이 바구니처럼 뭉쳐 피어나는 모습에서 유래했다.새의 날갯짓을 빼닮은 잎의 수면운동칼라테아는 움직이는 잎으로 유명하다. 마치 커다란 새가 날개를 접고 펴듯  낮에는 수평 방향으로 활짝 펼쳐지고 밤에는 모두 위쪽을 향하며 접힌다. 하루해가 저물면 두 손을 모으고 기도하는 것처럼 보여 기도하는 식물(prayer plant)이라는 별명이 붙었다. 타임 랩스로 촬영해 보면 새의 날갯짓과 다를 바가 없다.이 움직임을 잎의 수면운동(Foliar nyctinasty)이라 한다. 칼라테아 등 마란타과의 식물에서 종종 나타난다. 어떤 식물은 꽃이나 떡잎, 가지에서도 보인다. 가령 괭이밥과의  사랑초도 밤이면 꽃을 가지런히 접는다. 이런 수면운동은 고대에서부터 이어진 식물학의 가장 오랜 수수께끼 중 하나다.스웨덴 식물학자 칼 폰 린네는 이를 일종의 식물 수면운동으로 보고, 1755년 그의 저서 잠자는 식물(Somnus plantarum)에 소개했다. 이후 1880년, 영국 생물학자 찰스 다윈은 저서 식물 운동의 힘을 통해 과학적인 연구 결과를 제시했다. 이는 식물의 수면운동에 관한 현대적 연구의 출발점이 됐다.하지만 칼라테아 같은 식물이 왜 이런 운동성을 갖는지는 오늘날까지도 의견이 분분하다. 낮에는 광합성을 위해 햇빛을 최대한 많이 받도록 수평으로 펼쳐져 있는 게 당연한데, 밤에는 왜 잎을 오므리는지에 대한 생리학적 메커니즘 대부분이 해결되지 않았다. 온도 조절, 잎 표면의 물기 제거, 달빛에 의한 광주기 혼선 차단 등 다양한 설만 남아있다.초식 곤충이 달라붙는 것을 막기 위한 것이라는 연구도 있다. 초식 곤충을 잡아먹는 야행성 포식자는 시각, 청각, 후각 등으로 먹이(초식 곤충)를 감지한다. 초식 곤충이 수직 방향으로 곧추선 잎에 달라붙어 움직이면 포식자의 눈에 더 잘 띈다. 움직이면서 내는 소리나 분비하는 휘발성 물질 냄새도 더 잘 감지된다. 그러니 초식 곤충 입장에서는 위험을 감수하며 굳이 수직으로 뻗은 잎에 붙어 있을 이유가 없다. 대신 주변의 평범한 다른 잎을 찾게 된다. 덕분에 칼라테아는 초식 곤충으로부터 스스로를 지킬 수 있다는 것이다.박원순서울대 원예학과를 졸업하고, 미국 롱우드 가든에서 국제 정원사 양성 과정을 밟았으며, 델라웨어대에서 대중원예 석사 학위를 받았다. 에버랜드에서 식물 전시를 담당하다가 현재는 국립세종수목원 전시기획운영실장으로 재직 중이다. 저서로 나는 가드너입니다 식물의 위로 미국 정원의 발견 가드너의 일이 있고, 세상을 바꾼 식물이야기 100 식물: 대백과사전 가드닝: 정원의 역사 등을 번역했다.",0
흙 속에 묻힌 주민들의 시간,"5월 6일 찾은 충북 제천 대랑동에는 산비탈을 따라 태양광발전소가 자리 잡고 있었다. 구불구불하고 좁은 마을 길을 사이에 두고 한 편에는 태양광발전소가, 다른 편에는 주민들이 농사짓는 밭과 정체를 알  수 없는 흙더미들이 있었다. 2년 전 발생한 산사태의 흔적을 쫓아 도착한 곳이었다.2020년 6월부터 8월까지 전국에서 기록적인 폭우가 내렸다. 장마 기간은 총 54일로 1973년 이후 역대 가장 긴 기간, 강수량은 평균 693.4mm로 이 역시도 역대 두 번째 규모였다. 대랑동에서도 폭우로 산사태가 일어났다. 마을에서 만난 한 주민은 태양광발전소가 있던 산비탈에서 토사물이 폭포수처럼 쏟아졌다고 회상했다. 피해는 막대했다. 논과 밭은 산에서 흘러내려온 흙 속에 묻혔고, 농기구들은 망가졌다. 밭 옆의 흙더미는 당시 산사태로 흘러나온 토사물을 쌓아올린 결과였다. 그는 이야기를 더 듣고 싶으면 김 씨 부부를 찾아가라고 말했다.김석주 씨와 김순자 씨 부부는 대랑동에서 당시 가장 큰 피해를 입었다. 이들의 집은 태양광발전소 바로 옆, 밭은 맞은 편에 있었다. 부부는 산사태로 흘러내려온 토사물을 여전히 걷어내지 못했다며 2년이 지났지만 아직 밭의 절반만 농사 지을 수 있는 상태라고 말했다.원래 골짜기였던 곳에 흙을 잔뜩 쌓아 올려 비탈로 만들었지. 그러니 비가 내리면 흙이 다 쓸려 내려올 수밖에 없는 거야. 주민들은 산사태의 원인이 태양광발전소라고 말했다. 반면 정부는 태양광발전소가 산사태와 직접적인 관련이 없다는 입장이다. 2020년 산업통상자원부는 태양광발전소 인근 산사태 피해는 12건으로, 태양광발전소 허가 건수인 1만 2721건의 0.1%에 불과하다며 산사태와 태양광발전소 허가 실적에 상관관계는 없다고 파악된다고 밝혔다.태양광발전소와 자연재해 사이의 직접적인 관계를 찾을 수 없더라도, 대랑동처럼 마을과  가까운 시설은 주민들의 삶에 큰 영향을 줄 수밖에 없다. 남편 김 씨는 산사태가 일어난 후 태양광발전소 아래에 돌벽이 쌓였지만, 과연 산사태를 막아줄 수 있을지 의문이라고 말했다.수년 전부터 전국 곳곳에는 태양광발전소가 세워졌다. 안전관리 제도도 2018년부터 순차적으로 마련됐다. 하지만 이미 설치된 시설 중에는 사람들의 삶을 위태롭게 하는 곳도 남아 있다.우리가 가족처럼 키우던 강아지들도 산사태 에 휩쓸려 흙 속에 파묻혔어. 아무리 짐승이라도 하나의 생명이고 가족이었는데, 아직 수습도 못해줬지. 농부로 살아가면서 땅은 내 인생이었어. 그런 삶도 아직 흙 속에 묻혀 있고 말이야.",0
미지의 세계에서 영감을 얻다,"미국 내셔널지오그래픽 탐험가 벤 호튼은 수중 동굴, 북극 등 장소를 가리지 않고 탐험한다. 탐사한 지구 곳곳의 모습은 사진으로 남긴다. 생물 다양성을 존중하는 그는 코스타리카와 중국의 상어 불법 어획 을 추적해 해상공원의 보호 영역을 넓히기도 했다. 그 결과 내셔널지오그래픽 소사이어티(NGS) 최초로 젊은 탐험가 지원금을 받았다. 전 세계를 누비는 탐험가 벤 호튼이 지난 5월에는 NGS 제주허브의 도움으로 과학동아와 함께 제주도 용암 동굴을 탐험했다. 벤 호튼이 탐사하면서 촬영한 사진을 보며 그의 경험을 간접 체험해보자.인터뷰_ 벤 호튼 탐험가모험가라는 단어는 나를 가장 잘 설명해주는 단어다. 과학 에 관한 열정과 탐험이 주는 신비로움에 끌려, 지구의 새로운 장소를 찾아다니고 있다. 미지의 장소에 간 경험은 사진으로도 담는다. 이를 통해 많은 사람에게 영감을 주고 동시에 지구의 이모저모를 알린다.위험한 장소를 탐험하는 이유는우리 행성에서 가장 매력적인 장소는 대부분 접근과 탐험이 어렵다. 젊은 시절에는 익스트림 스포츠를 즐기는 프로 운동선수였다. 덕분에 암벽 등반이나 동굴 다이빙 등 미지의 장소를 탐험할 수 있게 됐다. 일반인들에게 이런 장소들이 위험한 이유는 간단하다. 생존에 필요한 기술이 없기 때문이다. 훈련과 연습만 있다면 육체적으로 불편한 건 없다. 예를 들어 인간 생활권과 멀리 떨어진 정글에 텐트를 치는 것은 육체보다 정신이 더 힘들다.사진 촬영은 어떤 식으로 이뤄지나?촬영 때마다 다르다. 때때로 탐험 중 빼어나게 아름다운 장소에 다다르곤 한다. 환상적인 순간은 오직 몇 초만 지속된다. 처음부터 계획해서 찍는 사진은 은하수를 찍을 때뿐이다. 촬영에 규칙이 있을 수 있겠지만, 각각의 사진은 규칙을 깰 때 가장 유려한 모습이 담긴다.탐험가로서 보람찬 순간은?경이로운 장소를 직접 볼 능력이 없는 사람들에게 장소를 소개할 때다. 세상의 독특한 장소를 보여줄 때 보람차다. 사람들이 이곳을 알게 됐으면 좋겠다. 환경 보전은 먼저 자연에 아름다운 장소가 있다는 사실을 아는 데서부터 시작한다.상어 보전 이후로 하고 싶은 탐험은?아마존에서 더 많은 시간을 보내고, 페루의 운무림에서 몇 년 더 보내고 싶다.한국 독자에게 한마디과학 잡지를 읽고 있다는 것부터 이미 나와 많은 공통점이  있다는 뜻이다. 우리는 세상의 아름다움에 빠져있고 이를 더 알고 싶어한다. 그 열정을 공유하는 것이 지구를 보전하는 가장 좋은 방법이라고 생각한다. 꼭 탐험가나 사진가가 돼야만 하는 것은 아니다. 각자의 분야에서 세상을 더 나은 곳으로 만들기 위해 노력하면 충분하다.",0
안드로메다행 음식배달비,"과학적인 근거는 전혀 없지만, 인간이 가장 출출함을 느낀다는 저녁 10시. 굶주린 배를 채우기 위해 배달 애플리케이션(앱)을 켭니다. 매콤달달한 떡볶이가 한 접시에 1만 원, 그런데 배달비가 5000원입니다. 아참, 실수했습니다. 배달지를 집이 아니라 안드로메다 은하로 설정했나 봅니다.집에서 겨우 1km 떨어진 음식점에서 배달하는 것치고는 배달비가 꽤나 비쌉니다. 배달비를 아끼기 위해 방문 포장을 나섭니다. 5000원을 절약했으니 튀김도 추가했습니다. 튀김은 6000원입니다. 그나저나 기술이 발전하면서 우주 택배 비용도 저렴해진다는데, 음식 배달비는 왜 자꾸만 오를까요. 기술이 해결해줄 수는 없을까요.음식 배달 수요 2년 만에 2배 이상 늘어전문가들은 배달비가 오르는 가장 큰 이유로 수요와 공급의 불균형을 꼽습니다. 지난 4월 19일 통계청에서 발표한 자료에 따르면 지난해 하반기 기준 배달원의 숫자는 42만 8000명에 달합니다. 신종 코로나바이러스 감염증(코로나19)이 없던 2019년 하반기 34만 9000명과 비교해 약 20% 증가한 수치입니다. 수요는 더욱 폭발적으로 늘었습니다. 통계청에 따르면 음식서비스 거래액 은 2019년 12월 1조 557억 원에서 2021년 12월 2조 4505억 원으로 2배 이상 늘었습니다.복잡한 시장 구조도 배달비 인상에 영향을 미칩니다. 윤진효 대구경북과학기술원(DGIST) 전자정보시스템연구부 책임연 구원(서울대 행정대학원 객원교수)은 한국과 영국, 중국의 배달 플랫폼 시장을 비교한 연구를 발표했습니다. 한국 배달 플랫폼 시장의 가장 큰 특징 중 하나는 배달대행업체였습니다. 연구팀은 독점적인 배달앱 구조와 함께 다른 나라와 다른 복잡한 시장 구조가 배달비를 높이는 원인이라고 지적합니다. doi: 10.1080/09654313.2022.2069463배달앱이 등장하기 전에는 소비자가 직접 음식점에 주문하면, 음식점은 직접 고용한 배달원을 통해 음식을 전달했습니다. 배달앱이 활성화된 이후에는 배달앱과 배달대행업체가 더해집니다. 소비자가 주문을 하면 배달앱에서는 다시 배달대행업체로, 배달대행업체는 지역별 지사로, 마지막으로 배달원에게 전달됩니다. 여러 단계를 거치는 만큼 비싼 수수료가 발생합니다.자율주행 배달 로봇이 나선다면 어떨까기술 혁신으로 배달비를 낮추는 방법은 없을까요. 부족한 배달원의 숫자를 자율주행 배달 로봇으로 채우면 어떨까요. 연구는 여럿 있습니다. 최동일 명지대 기계공학과 교수는 같은 자율주행으로 묶이지만, 자율주행 자동차의 경우 하드웨어를 중심으로 연구되고 있으며 자율주행 배달의 경우 소프트웨어 위주의 연구가 진행되고 있다고 말했습니다. 자율주행 배달 로봇에서 중요한 점은 자동차보다 작은 크기의 로봇이 어떻게 길을 찾아가게 할 것인가 입니다. 상대적으로 큰 자동차에는 여러  장비가 들어갈 수 있지만, 작은 로봇에서 이를 구현하려면 경량화된 소프트웨어가 중요합니다.물론 하드웨어적 연구도 필요합니다. 로봇 안에 들어있는 음식을 보호해야 하기 때문입니다. 우선 로봇의 움직임과 자세를 제어하는 연구가 필요합니다. 최 교수는 도로에서 전해지는 떨림이나 도로의 턱을 넘으며 발생하는 충돌을 어떻게 완화할 것인지도 중요하다며 가령 국물이 있는 짬뽕이나 모양이 중요한 피자같은 음식은 외부의 작은 충격에도 파손될 위험이 크다고 말했습니다.자율주행 배달 로봇이 상용 서비스에서 시험된 사례는 있습니다. 지난해 8월부터 10월까지 도미노피자는 세종에서 드론을 이용한 상용 배달 서비스에 나섰습니다. 드론은 가게에서 피자를 싣고 약 6km 떨어진 세종호수공원의 지정된 장소까지 배달했습니다. 이외에도 세종, 판교 등 도시와 대학 캠퍼스에서 시험적으로 자율주행 로봇 배송이 시험 운영된 바 있습니다.라스트마일부터 차근차근여러 노력에도 아직까지 자율주행 배달이 상용화되지 못한 이유는 기술적인 한계와 관련 제도의 부재 때문입니다. 최 교수는 현재 기술로는 잘 정비된 평지, 건물 내 부에서 활용되는 수준이라며 진정한 의미의 자율주행 배달이 상용화되려면 인도와 골목 등 다양한 환경에서 안전한 주행을 할 수 있는 기술 달성이 필요하다고 말했습니다. 제도적인 뒷받침도 필요합니다. 국회는 도로교통법을 개정해 내년까지 자율주행 로봇이 인도로 다닐 수 있도록 하겠다는 방침입니다. 공원출입 허가 및 건물 출입, 엘리베이터에 탈 수 있게 하는 법령도 준비 중에 있습니다.이 모든 것은 음식 배달의 마지막 단계, 소비자에게 닿기 직전 짧은 거리와 관련 있습니다. 물류학에서는 이를 라스트 마일이라고 말합니다. 택배나 음식배달에서 가장 많은 시간이 소요되는 단계이기도 합니다.자율주행이 가 능한 지역에서 권역을 나눠 라스트 마일을 자율주행 배달 로봇에게 맡기고, 음식점에서 해당 권역의 한 지점까지는 배달원이 나서면 일부 지역에서는 활용이 가능합니다. 실제로 라스트마일과 관련된 이동 기술은 여러 분야에서 주목받고 있습니다. 2019년 미국의 물류유통기업 아마존은 자사의 라스트마일 배송에 활용될 로봇을 공개했고, 지난 3월 구글은 라스트마일 배송에 쓰일 솔루션을 발표했습니다. 국내에서도 현대차와 카카오, 네이버 등이 라스트마일 관련 기술 개발에 나서고 있습니다.이런 변화는 배달비가 오르면 빠르게, 오르지 않는다면 천천히 찾아올 것입니다. 사회적 거리두기가 사라지며 음식 배달 수요가 줄 것이라는 예측도, 이미 배달문화가 사람들의 삶 속에 녹아 들어 앞으로도 배달비가 오를 것이라는 예측도 있습니다. 정호상 인하대 아태물류학부 교수는 앞으로 배달비가 어떻게 바뀔지 섣불리 예측하 기는 어렵다면서 기술의 발전과 함께 소비자들이 내는 비용과 서비스의 만족도, 배달비 수익의 분배 등 다양한 관점에서 사회적인 합의를 찾아갈 것이라고 말했습니다.○묶었다가 풀었다가 다시 묶는 배달문 화배달 애플리케이션(앱) 문화가 처음 자리 잡던 시기. 한 명의 배달원이 여러 음식점을 들러 여러 집에 배달하는 묶음 배달은 소비자에게 불만이었습니다. 이에 배달앱에서는 한 번에 한 집, 빠르고 따뜻한 음식을 먹게 해주는 단건 배달을 준비 했습니다. 하지만 이는 또 다른 문제를 낳았습니다. 배달원 부족으로 인한 배달비 폭등이죠.그렇게 최근에는 인접한 지역에서 음식점 한 곳의 음식을 공동배달하는 개념이 제시되고 있습니다. 대표적으로는 서비스를 준비하고 있는 끼리배달이 있습니다. 이진우 끼리배달 대표는 기술적인 효율화만큼이나 산업구조를 효율화시키는 것이 중요하다고 생각했다며 일종의 공유경제 개념을 도입해 소비자와 음식점주, 배달원들에게 만족감을 줄 것으로 기대한다고 말했습니다.",0
사랑에 빠진 물고기,"눈으로 보는 하늘과 사진으로 보는 하늘은 다르다. 사진 촬영 기법과 구도, 색조, 명암, 형태에 따라 같은 하늘도 다르게 담긴다. 여기에 사진을 촬영한 사람의 감상과 스토리까지 더해지면 찰나의 하늘은 비로소 세상에 단 하나뿐인 작품이 된다. 올해 30회를 맞이한 천체사진공모전은 개성 있는 작품 197점을 심사했다. 작가의 촬영 기술에 따라, 감상에 따라 하늘은 다채로운 모습을 보였다. 수상작 일부를 소개 한다. (제30회 천체사진공모전 전체 수상작은 한국천문연구원 홈페이지(www.kasi.re.kr)에서 볼 수 있습니다)▼자세히 보려면 PDF를 다운로드 받으세요",0
인류는 기후 변화에 적응한 덕에 탄생했다,"지난 4월 국제학술지 네이처에는 지금의 인류가 오랜 시간 기후 변화에 적응해 탄생했다는 연구가 나왔다. 악셀 팀머만 기초과학연구원(IBS) 기후물리연구단장 연구팀이 기후 모델을 이용해 기후 변화와 인류 진화 사이의 연관성을 밝혔다. doi: 10.1038/s41586-022-04600연구팀은 대륙 빙하, 온실가스 농도, 천체 변동 등을 이용해 과거 200만 년의 기후를 시뮬레이션했다. 이후 국내에서 가장 빠른 슈퍼컴퓨터 알 레프(Aleph)를 이용해 분석했다. 이를 통해 과거 기후와 호미닌 종의 화석 발견 위치를 비교 분석한 결과 종에 따라 적합한 서식지가 달랐음이 확인됐다.먼저 아프리카에서 나타난 초기 인류 집단인 호모 하 빌리스는 아프리카 동남부 일부 지역에만 분포했다. 이후 등장한 호모 하이델베르겐시스는 유럽과 일부 아시아 지역으로 이동했다. 인류가 건조하고 추운 환경에 적응해 갔음을 뜻한다. 연구팀은 인류의 지능이 높아지며 도구와 불을 정교하게 사용할 수 있는 능력을 갖춘 덕분이라고 분석했다.한편 호모 에렉투스와 호모 사피엔스는 유라시아대륙 전역에 살았는데, 시간이 지남에 따라 서식지를 더 넓혔다. 다양한 환경에 적응할 수 있는 종이라는 것이 확인된 셈이다. 연구팀은 특히 호모 사피엔스가 적응력과 사회성이 뛰어나 혹독한 환경에서도 서식할 수 있었다고 분석했다.이를 바탕으로 지역에 따른 인류의 족보도  분석했다. 유럽의 호모 하이델베르겐시스는 네안데르탈인으로 변화했고(약 40~30만 년 전), 아프리카 남부의 호모 하이델베르겐시스는 호모 사피엔스로 변화했음이 입증됐다(30~20만 년 전). 호모 하이델베르겐시스가 후기 플라이스토세(12만 6000년~ 5000년) 인류 종의 진화에 핵심적인 고대 인류 혈통이었다는 뜻이다.팀머만 단장은 기후가 우리 인류 종의 진화에 근본적인 역할을 했다는 것을 증명했다며 인류가 지금의 우리일 수 있는 이유는 과거 기후의 변화에 수천 년 이상 적응해 왔기 때문이라고 연구 의미를 밝혔다.",0
메르세데스 벤츠 전기차 마의 1000km 벽 넘어,메르세데스-벤츠가 프로토타입(시제품) 전기차인 비전 EQXX를 단 1회 충전해1000km 이상 운전하는 데 성공했다. 주행 신기록이다. 독일에서 프랑스 리비에라 해안까지 이르는 거리를 주파해 테슬라의 전기차 모델3보다 무려 430km 더 멀리 갔다.,0
꽃향기를 실시간으로 본다,"향수, 화장품, 장식용 꽃 등 꽃향기는 인간 삶에서 다양한 형태로 영향을 끼친다. 이 꽃향기를 눈으로 볼 수 있게 실시간으로 측정한 연구a 결과가 나왔다. 김형수 한국과학기술원(KAIST) 기계공학과 교수와 김상규 생명과학과 교수로 이뤄진 공동연구팀은 휘발성유기화합물(VOCsVolatile Organic Compounds)과 공기의 굴절률 차이를 분석해 백합에서 나오는 꽃향기를 실시간으로 가시화했다. doi: 10.3389/fpls.2022.835305 연구 과정과 의의를 연구팀과의 가상인터뷰 형식으로 재구성했다.기존의 꽃향기 측정법은지금껏 꽃향기를 측정하기 위해서는 먼저 꽃향기를 내는 휘발성 물질을 포집했다. 그 뒤 기체 크로마토그래 피법과 질량분광분석법을 결합해서 꽃향기를 측정했다. 기체 크로마토그래피로 꽃향기 속에 섞여 있는 여러 물질을 분리하고 질량분광분석법으로 각 물질이 얼마나 있는지 정량적으로 알아내는 방식이다.연구 과정을 알려달라기존의 향기 측정 방법을 쓰려면 꽃향기를 매 시간마다 포집해야 해서 꽃이 연속적으로 향기를 뿜어내는지 알 수 없었다. 따라서 우리 연구팀은 레이저 간섭계를 사용해서 백합이 향을 내뿜 는 빈도를 측정했다. 휘발성유기화합물과 주변 공기의 굴절률을 측정해서 차이를 비교했다. 분석을 통해 휘발성 증기가 점점 늘어나서 쌓이는 것을 시각화할 수 있었다. 백합에서 나오는 꽃향기를 실시간으로 확인한 것이다. 백합이 매 10~50분마다 불연속적으로 휘발성 화합물을 방출한다는 사실도 발견했다.꽃향기 시각화의 의의는?꽃은 꽃가루를 실어 나르며 수분을 돕는 곤충과 상호작용한다. 이번 연구를 꽃향 기 물질이 곤충과 상호작용하며 어떻게 진화됐는지 파악하는 데 활용할 수 있다. 꽃향기 합성과 분비에 관여하는 유전자를 찾는 데도 도움될 것으로 전망한다. 더 나아가 향기 물질 분비를 제어할 수 있다면 원예뿐 아니라 농작물의 생산량을 늘리는 데에도 도움이 될 수 있다. 꽃향기가 불규칙적으로 방출되는 원인은 아직 모른다. 그러나 증기나 기체를 가시화할 수 있는 기술이 더욱 발전한다면, 공기 중 유해물 질에 얼마나 노출됐는지 파악하는 등 다양한 연구 분야에 활용될 것으로 기대하고 있다.한상민 기자",0
한국판 NASA 경남 사천에 생긴다,"경남 사천a에 한국판 미국항공우주국(NASA)인 항공우주청이 생긴다. 4월 27일, 김병준 제 20대 대통령직인수위원회(인수위) 지역균형발전특별위원장이 17개 시도 공약과 15대 정책과제를 발표하며 항공우주청 설립 계획을 공식화했다.항공우주청은 윤석열 대통령이 공약한 우주 전담 기구다. 과학기술정보통신부(과기정통부), 산업통상자원부 등 각 부처에 흩어져 있는 우주 정책을 총괄하는 범부처 컨트롤 타워 역 할을 할 예정이다. 윤 대통령은 선거 유세를 할 때부터 경남 지역에 항공우주청을 세우겠다고 여러 번 말해왔는데, 이번에 경남 사천에 설립하는 것을 공식 발표한 셈이다.이날 인수위는 항공우주청 설립과  함께 우주산업 클러스터 조성도 추진할 계획이라고 밝혔다. 항공우주청 근처에 위성이나 소재 부품을 개발하는 기업이 모이도록 해서 경남을 항공우주산업의 거점으로 키우겠다는 계획이다.사천을 고른 이유 는 항공우주 관련 생산 업체들이 모여 있어서다. 항공기, 우주선 및 부품을 만드는 한국항공우주산업(KAI)을 포함해 항공기용 부품을 만드는 SK항공, 송월테크놀로지 등이 사천에 있다.항공우주청 설립이 필 요하단 얘기는 몇 해 전부터 나왔다. 민간기업이 우주산업을 주도하는 뉴 스페이스 시대에 맞는 새로운 거버넌스가 필요하다는 지적이 나오면서다. 지금까지 우리나라 우주산업과 관련된 업무는 대부분 과기 정통부에서 전담해왔는데, 정부 기관이 주도하는 거버넌스에서는 민간이 주도적으로 연구를 하기 부족하다는 지적도 있었다.하지만 모두가 이번 항공우주청 설립 계획을 반기는 건 아니다. 항공우주청의 역할이나 비전, 운영 철학 같은 청사진이 나오기도 전에 위치부터 정했다는 비판이 나온다. 김 위원장이 항공우주청 계획을 공식화한 바로 다음 날 과학자들이 같은 장소에 모여 단체 행동에 나선 이유다. 4월 28일, 과학 기술 분야 정부출연연구기관(출연연) 연구자와 관련 산업 관계자 80여명은 대전컨벤션센터 앞에 모여 인수위 우주청 경남 설립 결사 반대 기자회견을 열었다.인수위 계획에 반대하며 매일 연재 편지를 쓰는 천문학자도 있다. 문홍규 한국천문연구원 우주과학본부 우주탐사그룹장은 매일 인수위에, 인수위가 해단한 이후에는 과학기술비서관에게 편지를 전달하고 있다.문 그룹장은 편지를 통해 정부 기관을 새로 설치하려면 설립 철학과 비전, 업무영역을 먼저 정의하고 합의한 뒤에 조직 구성 이후에 설립 지역을 논의하는 것이 상식이라며 관련 전문가와 민의를 수렴하고 반영하는 것이 정상적인 절차라고 지적했다. 더불어 그는 안타깝게도 한국 NASA는 모든 논의가 지역 발전 문제로 쏠렸다며 모든 것을 원점에서 재검토해야 한다고 말했다.",0
미생물 고기로  탄소 배출량 줄인다,"독일 포츠담대 기후영향연구소(PIK) 등 국제공동연구팀의 연구에 따르면 우리가 먹는 고기의 20%만 다른 단백질 공급원으로 대체해도 이산화탄소 배출을 절반 이상 줄일 수 있다. doi: 10.1038/s41586-022-04629-w연구팀은 토지의 농업 이용에 따라 환경에 미치는 영향을 계산하는 모델(MAgPIE)을 활용했다. 그리고 소, 양 등 반추동물의 고기 소비를 미생물 단백질로 대체하는 비율에 따라 시나리오를 만들었다.미 생물 단백질 대체율이 20%일 때 이산화탄소 배출량은 56% 감소했다. 대체율이 50%, 80%일 때는 이산화탄소 배출량이 각각 83%, 87% 감소했다.일반 고기 소비 시 배출량이 큰 이유는 가축을 기를 때 필요한 목장과 사료 농장으로 파괴되는 산림 때문이다. 미생물 단백질은 버섯 균사체에 설탕을 넣고 발효시켜 만든다. 사탕수수 농장만 있으면 된다.플로리안 훔페뇌더 PIK 연구원은 고기 소비를 미생물 단백질로 대체하면 이산화탄소뿐만 아니라 메탄, 아산화질소 등 여타 온실가스의 배출도 줄일 수 있다 고 말했다.",0
통가 화산 폭발 우주 날씨까지 바꿨다,올해 1월 남태평양 섬나라 통가에서 발생한 해저 화산 폭발이 우주 날씨까지 영향을 미쳤다는 연구가 나왔다. 미국 버클리캘리포니아대(UC버클리) 우주과학연구소 등 공동연구팀이 미국항공우주국(NASA)과 유럽우주청(ESA)의 위성 데이터를 분석한 결과다. doi: 10.1029/2022GL098577통가 화산이 폭발한 압력은 지구 상공 60~ 1000km의 전리층까지 전해졌다. 위성에서 측정한 전리층 바람은 최대 초속 200m를 기록했다. 강한 바람은 전리층에 흐르는 전류에도 영향을 미쳤다. 전리층에서는 1미터당 -0.17A의 전류 흐름이 관측됐다. 2015년 지자기 폭풍이 발생했던 때를 제외하면 가장 강한 수준에 속한다. 평소에는 동쪽으 로 흐르던 전류 방향도 서쪽으로 바뀌었다. 그간 지자기 폭풍의 원인은 지구 자기장의 변화가 주요했다.브라이언 하딩 UC버클리 연구원은 지각 변동이 대기권에 미치는 영향을 파악하는 데 이번 연구를 활용 할 수 있다고 말했다.,0
어떤 날씨에도 날 수 있는 드론 나왔다,"도심을 자유자재로 누빌 수 있는 드론은 미래 모빌리티의 대표주자로 꼽힌다. 이런 드론이 안정적으로 비행하기 위해선 갑작스레 변하는 기상 상황에 실시간으로 대응하는 능력이 필수다.정순조 미국 캘리포 니아공대 응용과학 및 공학과 교수팀은 드론이 안정적으로 날 수 있도록 돕는 딥러닝 학습 방법 뉴럴플라이(Neural-Fly)를 개발했다. doi: 10.1126/scirobotics.abm6597 연구팀은 1200개의 송풍기를 설치해  바람을 계속 바꾸었고, 여기에 뉴럴플라이를 탑재한 드론을 날렸다. 뉴럴플라이는 드론이 12분간 비행해 얻은 데이터를 학습해 풍속이 최대 초속 12.1m까지 변할 때도 정확히 비행할 수 있었다.정 교수는 예 측 불가능한 바람을 모두 구분하고 정량화하기보다는, 드론이 이전의 경험으로부터 배워 새로운 조건에 즉시 적응할 수 있도록 했다고 했다.",0
산호초와 말미잘 선크림 기능을 반대로 사용해,"자외선 차단제(선크림) 성분인 옥시벤존은 산호초를 파괴하는 물질로 논란이 됐다. 팔라우 섬, 하와이 등 일부 섬나라에서는 옥시벤존 성분이 포함된 선크림 사용을 금지하기도 했다. 그러나 옥시벤존이 어떻게 산호에 독성 물질이 되는지는 의문으로 남아 있었다. 윌리엄 미치 미국 스탠퍼드대 토목환경공학부 교수팀은 옥시벤존이 산호초에 독성을 나타내는 이유를 밝혀 국제학술지 ?사이언스 5월 6일자에 게재했 다. doi: 10.1126/science.abn2600인체에서 옥시벤존은 자외선을 흡수한 뒤 빛에너지를 열로 발산해 세포의 자외선 손상을 막는다. 그러나 연구팀에 따르면 말미잘이나 산호초가 옥시벤존과 빛에 함께 노출되면 오히려 세포를 손상시키는 화학반응이 일어난다.연구팀은 산호초와 유사한 말미잘로 실험을 진행했다. 옥시벤존이 포함된 물에 말미잘을 담근 뒤 자외선에 노출시켰다. 그 결과 자외선에 노출된 말미잘은 모두 17일 안에 죽었다. 반면 자외선을 받지 않은 말미잘은 실험 기간 동안 모두 살아남았다. 옥시벤존 자체로는 산호초를 해치지 않지만 자외선을 함께 받으면 옥시벤존이 독성 물질로 변하는 것이다.연구팀은 빛을 받은 말미잘이 옥시벤존을 변형시키는 과정에서 당(글리코시드)이 들어간 화합물을 만든다는 사실을 발견했다. 일반적으로 당은 해독에 쓰이지만, 옥시벤존-글루코시드 화합물은 빛을 받아 활성화되 는 독성 물질이다. 해독을 목적으로 한 대사 과정이 오히려 독소를 만들고 있는 셈이다.한편 산호나 말미잘의 공생조류가 숙주를 보호한다는 사실도 발견했다. 조류를 이용한 실험에서 말미잘의 공생조류가  옥시벤존과 독성 물질을 대부분 흡수한다는 사실을 확인했다.문제는 수온이 올라가면 산호초가 조류를 몰아낸다는 점이다. 이는 선크림 오염과 기후 변화가 동시에 이뤄지면 산호초가 위험해진다는 뜻이다.  미치 교수는 해수 온도 상승으로 산호초가 오염 물질에 더 취약해질 수 있다고 말했다.",0
미국에서  GM 모기 실험 첫 성공,"유전자 변형(GM) 모기를 이용해 전염병을 옮기는 모기를 퇴치하는 실험이 미국에서 처음으로 성공했다. 4월 18일 국제학술지 네이처는 영국의 생명공학기업 옥시텍이 지난해 4월부터 7개월간 진행한 프로젝트의 결과를 공개했다. 미국 플로리다 남쪽 키스 제도에 500만 마리의 GM 모기를 방사해 이집트숲모기 개체수를 줄이는 프로젝트였다.야생 이집트숲모기는 소두증을 일으키는 지카바이러스나 급성열성질환을 일으키는 뎅기 바이러스 등을 옮긴다. 살충제로 모기를 잡을 수 있지만, 자칫 벌이나 나비 등 다른 생물에도 피해를 줄 수 있다. 게다가 모기도 살충제에 점차 내성이 생겨 살충 효과가 떨어지고 있다.옥시텍이 만든 GM 모기는 암컷 자손에서 발현되는 치사 유전자(lethal gene)를 갖고 있다. 치사 유전자가 발현되면 성체가 되기 전에 일찍 죽는다. GM 수컷 모기가 야생 암컷 모기와 짝짓기를 해 태어난 자손 중 암컷이 일찍 죽는 식이다. 자손 중 살아남은 수컷이 야생 암컷 모기와 교배를 하면, 다시 암컷 자손만 일찍 죽는다. 세대가 거듭될수록 암컷 모기가 줄어들며 이집트숲모기 전체 개체수가 줄어드는 원리다.옥시텍 연구원들은 GM 모기를 방사한 뒤, 2만 2000개 이상의 알을 수집해 부화하는 과정을 살폈다. 치사 유전자를 물려받은 모든 암컷이 성체가 되기 전에 사망했다. 치사 유전자는 야생 개체군에서 2~3개월 혹은 3세대를 거치는 동안 지속되다가 사라졌다. 그 결과 연구팀이 방사한 지역에서 400m 떨어진 곳에서는 GM 모기가 발견되지 않았다. GM 모기를 수컷에만 적용되도록 만든 이유는 사람에게 미칠 영향을 최소화 하기 위해서다. 사람의 피를 빨아먹는 암컷과 달리 수컷은 과일의 즙이나 수액을 먹고 산다.이번 실험으로 GM 모기의 효과가 증명됐지만, 이 연구가 바이러스 전파를 줄이는지를 검증했는가에 대한 논란은 있다. 토마스 스콧 UC데이비스 명예교수는 미국 플로리다 지역은 원래 이집트숲모기 매개 감염이 많이 일어나지 않는다며 모기 개체수를 줄인다고 반드시 질병이 억제되는 것은 아니다라고 말했다.",0
제임스웹 선배보다 밝은 눈으로 본  대마젤란 은하 공개,"미국항공우주국(NASA)이 지난해 12월 쏘아 올린 제임스웹 우주망원경(JWST)이 주요 관측기기 4종의 미세정렬을 마치고 시범 운영에 돌입한다. NASA는 지난 5월 10일 온라인 기자회견을 통해 이런 일정을 발표하며 중적외선 관측기기(MIRI)로 촬영한 대마젤란 은하의 사진을 공개했다.대마젤란 은하는 우리은하에 속한 작은 위성은하로, 별이 높은 밀도로 뭉쳐있어 제임스웹 망원경의 성능을 확인하기 좋다. 이번에  공개된 사진에서는 별 사이의 ?다환 방향족 탄화수소가 방출되는 모습이 스피처 우주 망원경이 촬영했던 대마젤란 은하의 적외선 이미지보다 더 선명히 드러났다. 스피처 우주 망원경은 지난 2020년 퇴역한  제임스웹 망원경의 선배다.스콧 프리드먼 미국 우주망원경과학연구소 웹 프로젝트 선임연구원은 제임스웹 망원경이 관측 임무를 시작하기까지 이제 두 달 남았다고 했다.김소연 기자",0
논문 한 편 쓰고 끝 67% 영재들,"자원이 부족한 한국은 인적 자원에 미래를 걸어야 한다는 이야기, 들어보셨을 겁니다. 그 미래가 아주 밝으려나 봅니다. 지난 4월 17일 발표된 보고서 논문을 쓰는 고등학생들에 대해 알아봅시다에 따르면 2001년부터 2021년 사이 국내 213개 고등학교 소속 학생이 작성한 해외 논문은 총 558건, 학생 저자 수는 980명입니다. 그런데 이상합니다. 이 학생 중 67%는 논문 출간 이력이 1회뿐입니다. 고등학교 때부터  해외 학술지에 논문을 낼 정도면 학문에 열정이 어마어마한 학생이었을 겁니다. 이들 중 67%를 잃은 건 학계의 큰 손실인데요. 영재들이 청소년기 이후로 사라져 버린 이유, 과학동아가 알아봤습니다.케이스 ①변하는 입시제도에 나부끼는 청소년 연구활동27개 대학, 연구물 96건, 미성년자 82명. 2007년부터 2018년 사이 발표된 연구물 중 미성년자가 부당하게 공저자로 등재된 경우입니다. 교육부는 지난 4월 25일 미성년 공저자 연구물의 실태를 조사한 결과 이 같은 부당 저자 등재를 확인했다고 발표했습니다. 부당하게 공저자로 등재된 연구물을 대학 입시에 활용한 미성년자 중 5명은 대학의 심의 결과 입학 취소 처분을 받았습니다. 그중에는 지난 2019년 부정 입학 의혹이 불거진 조국 전 법무부 장관의 자녀도 포함돼 있습니다.청소년이 부모 찬스를 이용해 논문의 공저자가 되는 식의 연구 부정이 잊을 만하면 한 번씩 드러나 논란을 불러일으키고 있습니다. 주로 대학교수나 고위공직자의 자녀가 부모의 인맥을 이용해 연구의 참여도가 낮거나 없음에도 논문에 공저자로 이름을 올리는 경우입니다. 저자로 등재된 논문을 대학 입시에 스펙으로 활용하기 위해서죠.지금도 전국에서 수십만 명의 수험생들이 미래를 위해 치열하게 경쟁하고 있습니다. 무엇보다 공정해야 할 대학 입시입니다. 부모의 지위를 이용해 부당한 방식으로 스펙을 쌓아 대학에 진학한 학생의 소식을 접하며 분통을 터뜨린 분이 많으실 겁니다. 차라리 대학 입시에서 수시 전형을 없애고 대학수학능력시험을 통한 정시로만 학생을 평가하자는 이야기도 나옵니다. 수시  전형에서 논문처럼 부모의 지위, 재력 등 요인이 작용할 수 있는 결과물을 평가하는 방식 자체가 공정하지 않다는 겁니다.원로 경제학자인 이준구 서울대 경제학과 명예교수는 지난 5월 6일 자신의 홈페이지 에 그 많은 천재들은 모두 어디로 갔을까란 제목의 글을 올리며 이 같은 실태를 비판했습니다. 이 명예교수는 2000년대 초 대학입시제도가 바뀌면서 갑자기 고등학교에서 논문을 쓰는 천재들이 등장하기 시작했다며 이런 천재들이 성장해 우리 학계를 이끌어 간다면 머지않아 우리 학문의 수준이 세계 최고의 수준에 오를지도 모르는 일이었으나, 20년이 지난 지금에도 우리 학계는 여전히 예전의 수준에서 제자리걸음하고 있다고 했습니다. 고등학교 때 논문을 썼다는 청소년 중에는 부모들의 욕심으로 억지로 만들어진 가짜 천재가 있다는 겁니다.숫자로 살펴본 어린 천재들의 행방청소년이 논문을 쓰는 것 자체가 문제가 되는 건 아닙니다. 대학원생도 쓰기 어려운 논문을 정말 청소년이 썼다면 칭찬할 만한 일이죠. 문제는 어떤 논문을 왜 쓰느냐 하는 겁니다. 강태영 언더스코어 대표와 강동현 미국 시카고대 박사과정 연구원은 전 세계 학술 연구 약 1억 4000여 건의 데이터를 수록한 마이크로소프트 학술 그래프(MAG)와 한국학술지인용색인(KCI)의 데이터를 이용해 국내 213개 고등학교 소속 학생들이 낸 논문을 분석했습니다. 그 결과 지난 4월 두 건의 보고서 논문을 쓰는 고등학생들에 대해 알아봅시다와 논문을 쓰는 고등학생들에 대해 조금 더 알아봅시다를 발표했습니다.두 보고서에 따르면 지난 20년간 학생들이 발표한 논문의 수 는 국내 논문이 329건, 해외 논문이 558건이었습니다. 조사대상인 고등학교 213곳에는 영재고 6곳, 과학고 19곳, 자율형 사립공립 고등학교와 외고 169곳, 그리고 2020년 기준 서울대 진학 학생 수가 상위 50개교에 속했던 일반고 19곳이 포함됐습니다.보고서는 고등학교 시절 출중한 연구를 해서 해외 학술지학회에 발표하는 학생들은 대학 진학 이후에도 논문 작성을 계속하는 경향이 있다고 설명합니다. 그런데  이상합니다. 해외 논문을 낸 전체 학생 중 약 67%는 해당 논문이 자신의 처음이자 마지막 논문이었습니다. 물론 대학에 진학한 이후로 연구자의 길을 걷지 않기로 한 학생이 있을 수 있습니다. 그러나 이런  학생이 반이 넘는다는 점은 선뜻 이해하기 어렵습니다.더 이상한 점은 학생들이 낸 논문의 수가 2014년을 기점으로 급격히 감소한다는 겁니다. 2014년은 교육청이 학교생활기록부에 논문 실적을 기재하지 못 하도록 금지한 해입니다. 학교 밖에서 낸 실적을 학생부종합전형에 제출하지 못하도록 제한하면서 대학 입시에서도 제외됐죠. 보고서는 교육부의 2014년도 논문 작성 이력 기재 금지 정책 발표 이후 고등학생 저자가 작성하는 논문의 수가 감소하며 이러한 추세를 자율고외국어고일반고에서 견인한다고 설명했습니다. 입시를 위해 탄생한 논문이 제도가 변하면서 사라져 버린 겁니다.더 촘촘한 입시제도만 정답일까 변화는 사교육 현장에서도 체감됩니다. 서울 목동에서 초중고등학생의 비교과 활동을 전문으로 가르치는 박호상 에어랩소프트웨어영재교육학원 원장은 보고서를 두고 거의 정확한 통계라고 평했습니다. 그는 현 상황에서 논문이나 탐구보고서를 작성하는 등의 실적은 입시와 직접적 관련이 멀어진 것이 사실이라고 했습니다.하지만 여전히 연구활동 관련 수업에 대한 수요는 있습니다. 학원가에서 상위권 대학에 진 학하기 전 단계로 여기는 과학고나 영재고 등의 입시에서는 학생들의 탐구역량이 중요한 평가요인이기 때문입니다. 학생이 각종 대회에 참가하며 수행했던 연구활동을 포트폴리오 형식으로 엮어낸 자료가 탐 구역량을 증명하는 수단으로 활용됩니다. 서울교대, 한양대, 연세대 등 대학 부설 영재교육원도 포트폴리오를 토대로 확인 면접을 보는 방식으로 학생들을 뽑습니다.학생들의 탐구역량이 과학고와 영재고 입 시에서 중요한 평가요인이니, 당연히 탐구역량을 높이려는 수요가 발생합니다. 그런데 공교육에서는 연구하는 방법이나 실험하는 방법을 가르칠 여유가 잘 나지 않습니다. 박 원장은 연구하는 방법을 가르치 는 학교 자체를 본 적이 거의 없다며 학원에서 비커를 처음 잡아 보는 학생도 심심찮게 발견된다고 했습니다. 학부모들이 학원을 찾는 이유 중 하나입니다.박 원장은 보통 대회를 위해 작품(탐구보고서)을 준비하는 수업은 상황별로 다르나, 일반적으로 3개월 정도가 소요되며, 기간, 난이도, 수업시수 등에 따라 작게는 작품당 30만 원부터 120만 원 안팎까지 받는다고 했습니다. 그래도 이 정도면 저렴한 편입니다. 학생들이 공부하느라 바쁘다는 이유로 아예 학원 선생님이 탐구보고서를 대신 써 주는 일도 있습니다. 익명을 요구한 한 입시 컨설턴트는 대필은 부르는 게 값이라 수백만 원을 호가하는 경우도 있다고 했 습니다.대학 입시에서 탐구보고서가 아예 활용되지 않는 것도 아닙니다. 지난해 4월 5일엔 2017년부터 2019년까지 58차례에 걸쳐 학생들의 탐구보고서를 대필한 한 입시학원 원장이 실형을 선고받기도 했습니다. 대필한 탐구보고서는 각종 교내외 대회에 제출됐고, 학생 10명은 대회 수상 결과를 활용해 수시전형에 합격했죠. 학교생활기록부에 교내 대회 수상실적을 적을 수 있었던 당시 입시제도의 맹점을 노린 겁니다.논문 쓰는 청소년은 모두 입시비리?고위공직자 자녀의 입시비리가 드러나며 논문 쓰는 청소년에 대한 부정적 이미지가 강화되고 있습니다. 하지만 우리의 고민이 입시비리를 방지하기 위해 청소년 논문 을 틀어막는 데서 멈춰서는 곤란합니다. 과학을 탐구하려는 순수한 의도로 연구를 하는 청소년들도 있기 때문입니다. 거꾸로 생각해 과학을 사랑하는 청소년이라면 누구든 연구를 하고 논문을 쓸 수 있게 환 경을 만들어주는 것도, 교육불평등을 막는 방법이지 않을까요.과학동아는 사이언스 보드(www.scienceboard.co.kr) 홈페이지에서 현재 영재원, 학교, 학원 등에서 연구활동을 하고 있는 독자들을 모았습니다. 서울의 한 교육청 과학영재교육원을 다니고 있는 중학교 1학년 학생이 인터뷰에 자원해 자신의 연구활동에 대해 들려줬습니다.교육청 영재교육원에 들어갔더니 팀원들끼리 탐구활동을 해서 보고서를 내는 과 제를 주셨어요. 탐구하는 방법을 배우긴 했지만, 막상 팀원들과 스스로 탐구하려고 하니 막막해요. 좌충우돌을 겪을 것 같아요. 하지만 대학에 가서, 혹은 제가 연구원이 돼서 좌충우돌을 겪는 것보다 지금  미리 그 과정을 겪는 게 훨씬 나을 거라고 생각해요. 열심히 해야죠.청소년기에 연구활동을 해 본 경험은 진로를 선택하는 데에 큰 도움이 됩니다. 가설을 세우고, 연구를 통해 이를 검증하는 과정은 과학이 이루어지는 기본 뼈대죠. 이 과정이 즐거웠던 청소년은 과학자로 자라날 겁니다. 즐거웠지 않았더라도, 자신의 진로를 수정하는 데 도움이 됩니다. 그러나 청소년들이 연구할 수 있는 환경은 잘 갖춰지지 않 습니다. 영재교육원이나 학원 등을 통하지 않고는 연구활동을 하는 방법을 배우기 어렵습니다. 실험을 해본 경험도 거의 없고, 인맥을 동원하지 않고는 이들에게 열려있는 실험실을 찾기도 어렵죠.강릉고에서 학생들의 연구활동을 지도하는 이준희 선생님은 실험 보조 교사가 없다 보니 학생이 실험을 준비, 진행, 정리하는 걸 지도하기 쉽지 않다며 학생들이 전문가에게 자신의 연구를 컨설팅받는 기회를 마련하기 에도 애로사항이 많다고 했습니다. 강릉고는 수학과학 교육에 중점을 둔 과학중점학교입니다. 과학중점 선택 학생들이 2학년이 되면 과제연구 과목을 수강하며 연구활동을 수행하도록 합니다. 일반고에 비하 면 연구활동에 대한 지원이 잘 돼 있는 편이죠.열려있는 실험실이 필요하다연구자가 아닌 시민도 연구활동을 할 수 있도록 열려있는 실험실, 오픈랩이 대안이 될 수 있습니다. 국내엔 서울시립과학관의 오픈 랩이 대표적입니다. 오픈랩에서는 일반인들도 학교 실험실에서 쉽게 접하기 어려운 실험장비를 활용할 수 있습니다. 이 과정에서 과학관은 실험계획서를 받아 연구가 과학적으로 타당한지 검토해주기도 하고, 실험장비 사용 방법에 대해 조언도 해 줍니다.이정규 서울시립과학관장은 서울시립과학관이 가장 중요하게 생각하는 것은 실제로 과학을 하는 것이라며 과학은 머리로만 하는 게 아니라, 손으로 배우고 몸으로 익혀야 하는 것이라고 했습니다. 이어 대부분의 과학관이 어린이를 대상으로 한 체험형 전시에 주력하고 있다며 청소년들이 직접 과학을 하며 배울 수 있는 시설이 필요한 실정이라고 했습니다.입시를 위 해서가 아니더라도, 연구활동을 해 보고 싶은 열정 있는 학생들은 분명 있습니다. 유정숙 서울시립과학관 교육지원과 주무관은 중고등학생이 과학을 해볼 수 있는 시설이 잘 없다 보니 원주에서 기차를 타고 주말마다 올라와 실험을 하고 가는 아이들도 있다고 했습니다. 이 관장은 공룡에 대한 호기심이 많던 어린이들이 자라며 그 호기심을 잃는 건 어쩌면 호기심을 충족해줄 사람이 없기 때문일 것이라며 마찬가 지로 아이들이 과학자로 성장할 수 있도록 호기심을 펼칠 장을 만들어 줄 수 있어야 한다고 했습니다.케이스② 과제 한쪽당 4달러 받는유령작가유령작가(ghost writer대필가). 케냐 니에리의 한 대학에 다니 던 메리 음부구아 씨의 또 다른 이름입니다. 당뇨로 어머니를 잃으면서 언젠가 두 동생을 먹여 살릴 수 있도록 공부하겠다고 다짐했던 그녀입니다. 그러나 당장 대학 학비와 집세를 낼 돈이 없었던 그녀는 대필가가 되길 선택했습니다. 주저하는 그녀에게 대필가 일을 소개해준 친구가 말했습니다. 이건 부정행위야. 그런데 너한테 선택권이라는 게 있어? 우리는 돈을 벌어야 하잖아. 먹고살기 위해서.주요 의뢰자는 영미권 학생들음부구아 씨가 유령이 돼 대신 써주는 글은 미국, 영국, 호주 등의 대학 재학생들이 의뢰한 학교 과제였습니다. 영미권 대학생들은 에이스마이홈워크(Ace-MyHomework) 에세이샤크(EssayShark) 등 홈페이지에 자신의 과제를 의뢰하거나, 여기서 이미 생산된 과제를 구매합니다.홈페이지 뒤엔 음부구아 씨와 같은 케냐, 인도, 우크라이나 등의 대필가가 숨어있습니다. 과제를 의뢰하는 사람도, 의뢰받는 사람도 서로가 누군지 모릅니다. 음부구아 씨는 과제 한쪽당 4달러(약 5136원)를 받습니다. 가장 많이 벌었을 땐 한 달에 320달러(약 41만 원)까지 벌었죠. 음부구아 씨가 살면서 번 돈 중 가장 큰 액수입니다.뉴욕타임스는 지난 2019년 이런 음부구아 씨의 이야기를 보도하면서 에세이샤크의 홈페이지에 쓰여 있는 문구를 소개했습니다. 어떤 종류의 학술적 저술이 필요하든 상관없습니다. 저렴한 가격에 에세이  작가를 고용하는 게 간단하죠. 시간을 아끼세요, 당신을 위해 더 많은 시간을 투자할 수 있도록.이 같은 실태는 2019년 미국에서 있었던 역대 최대 규모의 입시 비리 사건 이후, 뉴욕타임스의 취재 결과 밝혀졌습니다. 부당한 방법으로 부자들의 자녀 수백 명을 명문대에 입학시킨 입시 브로커 릭 싱어 등 50명이 줄줄이 기소돼 세간에 큰 충격을 준 사건입니다. 기소된 50명 중에는 싱어의 고객이었던 학부모, 대학 코치, 대학 입학처 직원 등이 포함됐죠.이 사건은 미국에서 역대 최대 규모의 입시 비리 사건으로 기록됩니다. 작전명 바시티 블루스-부정 입학 스캔들이라는 넷플릭스 다큐멘터리도 나왔습니다. 뉴욕타임즈는 입시 비리를 통해 대학에 입학한 학생들이 자신들의 대학 과제를 케냐 대필가에게 맡겼다고 보도했습니다. 2005년 발표된 연구결과에 따르면 북미권에서 자신이 아닌 다른 사람이 쓴 과제를 제출한 경험이 있다고 밝힌 대학생은 전체 학생의 7%입니다. 에세이 공장에서 과제를 받아 제출했던 경험이 있는 학생은 3%였죠. doi: 10.21913/IJEI.v1i1.14한국까지 연결된 글로벌 네트워크?케냐의 대필 작가는 영미권  학생들만 찾는 게 아닐지도 모릅니다. 최근 한동훈 법무부 장관 후보자의 인사청문회를 앞두고 후보자 딸이 쓴 논문이 도마 위에 올랐습니다. 그의 딸은 고등학교 1학년이었던 2021년 해외 논문을 6편이나 썼습니다. 올해 2월 학술논문데이터베이스 사회과학네트워크(SSRN)에 발표한 논문에는 케냐의 한 강사가 대필해 작성했을 것으로 의심되는 정황이 포착됐습니다.좋은 학교에 가기 위해 노력하는 건 어떻게 보면 당연합니다. 하지만 경쟁은 공정해야겠죠. 어떤 논문을 쓰느냐가 중요합니다. 한 후보자의 딸이 작성한 논문에 연구 부정 의혹이 제기되는 건 크게 두 가지 이유에서입니다. 본인이 논문을 쓰지 않고 대필가를 고용한 정황이 발견됐고, 논문을 투고한 학술지 중 네 곳은 약탈적 학술지로 분류되기 때문입니다.국내에선 2014년 이후로 대학 입시에 논문 실적을 활용하지 못합니다. 하지만 해외는 다르죠. 미국 하버 드대를 예로 들어볼까요. 하버드대 입학처 홈페이지에는 지원자의 선택에 따라 평가에 참고할 추가 자료를 제출할 수 있다고 명시해두고 있습니다. 학술지에 게재된 논문 실적이나 에세이 등이 여기 해당합니다. 단, 본인이 주저자여야 하며, 해당 실적을 이룰 때 참여한 사람을 모두 기재해야 합니다. 연구를 지원한 사람, 지도한 사람, 연구 그룹장, 그리고 연구에서 자신이 기여한 내용도 가능하다면 적도록 안내돼있습니다.익명을 요구한 한 해외 대학진학 컨설팅 업체 관계자는 미국, 유럽 등의 대다수 해외 대학에서 서류 평가 시 논문이나 인턴 실적을 참고한다며 해외 대학 입시를 준비하는 경우 여기에 대비해 논 문 실적을 쌓는 경우도 많다고 했습니다.해외 유학 준비하는 국제반 고등학생?강태영 언더스코어 대표와 강동현 미국 시카고대 박사과정 연구원은 지난 4월 논문을 쓰는 고등학생들에 대해 조금 더 알아봅시 다란 제목의 보고서를 발표했습니다. 보고서에 따르면 지난 20년간 국내 고등학교 213곳의 학생들이 저술한 해외 논문 558건 중 72건이 의심스럽거나 약탈적인 학술기관에서 발행됐습니다. 문제가 되는 논문 의 비율은 영재고의 경우 전체 해외 논문의 5.9%, 과학고는 10%, 그리고 자율고외고일반고는 22.4%였습니다.보고서는 보다 심각한 문제는 이 비율이 시간이 지날수록 증가하고 있다는 점이라면서 2020년도에 출간된 고등학생 공저 해외 논문 16편 중 37.5%가 의심스러운 약탈적 논문이었다고 쓰여있습니다. 이어 정황상 해외 학부 유학을 준비하는 국제반 고등학생일 가능성이 높을 것으로 추정된다고 짚었습니다.한 후보자의 자녀가 작성한 해외 논문 중 다수는 한국과학기술정보연구원(KISTI)에서 운영하는 건전학술활동지원시스템에 주의로 분류된 학술지에 게재됐습니다. 나머지도 학계에서 의심스러운 학술지로 여기는 곳에서 출간된 논문입니다.학계 신뢰 깨뜨리는 약탈적 학술지약탈적 학술지란, 논문 게재를 조건으로 게재료를 뜯어내는 학술지입니다. 돈만 내면 논문으로 등재할 수 있어 연구자들이 가짜 실적을 제조하는 데 활용하죠. 약탈적 학술지를 통해 가짜 실적을 제조한 다음 이를 입시에 활용하는 것도 심각한 문제입니다. 하지만 더 큰 문제는 그다음에 발생합니다.한국연구재단은 학계에서 연구논문으로 인정받기 위 해선 학술적 또는 기술적으로 가치가 있어야 하고, 같은 내용이 동료평가를 통해 검증을 받아 발표돼야 한다고 했습니다. 다시 말해 논문이라면, 그 내용이 학술적 또는 기술적으로 가치가 있고, 검증됐다는 믿음을 학계가 공통으로 갖고 있다는 말입니다.이 믿음을 깨버리는 것이 약탈적 학술지입니다. 충분히 검증되지 않은 지식이 약탈적 학술지를 통해 믿음직한 연구내용인 양 포장되는 거죠. 논문 내용을 믿은 사람들의 피해는 약탈적 학술지도, 논문의 저자도 책임지지 않습니다.",0
게임도 과학입니다만,"게임을 좋아하는데 과학에도 흥미가 있다면, 이 파트가 더 현실적인 대안일 수 있다. 요즘은 게임도 과학이다. 야스오는 과학이다의 과학과는 다른 뜻으로, 실제로 게임 업계에서 과학이 많이 쓰이기 때문이 다. 게임을 할 때마다 쌓이는 로그를 분석하는 데이터 분석부터 게임에 적용되는 인공지능(AI) 기술까지. 게임 업계에서 환영하는 과학을 찾아봤다.e스포츠에 발 들인 데이터 분석가들올해 리그오브레전드 챔피언스 코리아(LCK) 우승팀 T1은 시즌을 앞둔 1월, 전문가 한 명을 영입했다. Gisepa라는 닉네임으로 더 유명한 데이터 분석관 강지문 연세대 컴퓨터과학과 연구교수다. 강 교수의 직무는 T1 데이터 전략 분 석관. 킹존 드래곤X와 KT롤스터에서 데이터를 분석하던 경력을 이어 T1에서도 선수들의 경기 데이터를 분석한다.데이터 분석가를 영입한 건 T1뿐만이 아니다. 다른 구단들도 2~3년 전부터 데이터 분석가를 들이고 있다. 지난해 농심 레드포스 팀은 데이터 분석을 전문으로 하는 스타트업 팀 스노우볼과 계약을 맺었다. 이곳에 독점으로 데이터를 제공하면서 분석을 맡긴 것이다. 다른 게임도 마찬가지다. 오버워치  뉴욕팀은 2019년부터 정용철 데이터 코치를 영입했다.분석한 데이터는 선수 코칭에 쓰인다. 게임의 승패에 영향을 주는 선수의 행동을 데이터로 확인하고 교정하는 식이다.메르시라는 영웅(게임 캐릭터)을 쓰던 선수가 있었는데, 이 선수가 궁극기를 쓸 때마다 팀이 지는 거예요. 그래서 스킬 임팩트부터 분석해봤죠.정 코치는 데이터 코칭 경험을 과학동아에 공유했다. 스킬 임팩트는 어떤 선수가 게임 안에서 스킬을 썼을 때 팀이 유리해지는지, 불리해지는지를 나타내는 데이터다. 유리하면 양수(+) 값을, 불리하면 음수(-) 값을 갖는다. 그런데 메르시를 쓰는 다른 선수들은 궁극기를 쓸 때 스킬 임팩트가 +값인 반면, 이 선수의 궁극기 스킬 임팩트는 -값이었다.이유는 이 선수가 궁극기를 쓰고 영웅의 위치를 많이 바꾸지 않는 것이었다. 메르시는 궁극기를 쓰면 맵을 3차원으로 활용하면서 날아다닐 수 있는데 좌푯값을 확 인했더니 이 선수는 공간을 3차원으로 활용하지 않았어요. 예를 들어 머리 위를 날면서 상대 팀을 공격할 수도 있는데 이걸 안 한 거죠.데이터 코칭 결과는 성공이었다. 코칭을 받은 뒤 이 선수는 메르시로  리그에서 1등을 차지했다.게임 데이터, 누구나 얻을 수 있다e스포츠 데이터 분석의 가장 큰 장점은 데이터를 쉽게 얻을 수 있다는 점이다. 선수들의 게임 내 위치, 행동 하나하나가 모두 데이터로 남기 때문 에 데이터 수집과 가공 절차가 다른 분야보다 수월하다. 일반 스포츠에서 선수들의 움직임을 데이터로 만들려면 누군가가 관찰하고 이를 기록하는 과정이 필요한데, e스포츠는 그 과정을 생략할 수 있다.게다가 대부분의 게임사에서는 게임 데이터를 일반인에게도 공개한다. 대표적인 e스포츠 종목인 리그오브레전드를 포함해 피파 온라인4, 카트라이더, 배틀그라운드 등이 API 형태로 게임 데이터를 공개하고 있다. API는 애플리케이션 프로그래밍 인터페이스의 줄임말로, 개발자들이 쓸 수 있도록 공개된 프로그램 인터페이스다.예를 들어보자. 리그오브레전드 데이터를 보고 싶다면 제작사인 라이엇 게임즈 개발자 사이 트에 접속하면 된다. 로그인하면 API를 볼 수 있는 키를 얻을 수 있고, 바로 데이터를 볼 수 있다(왼쪽 이미지 참고). API를 공개하지 않는 게임도 있다. 하지만 이들마저도 프로 구단엔 데이터를 공유한다. 데이터가 e스포츠 경기 분석에 필수란 증거다.게임 데이터 분석 분야는 앞으로 더 커질 전망이다. 이미 OP.GG, 프로관전러 P.S처럼 게임사 API로 데이터 분석을 하는 전문 업체들도 활약하고 있다. 지난해 한국콘텐츠진흥원이 8개 게임사 설문한 결과, 게임사들은 데이터 분석가가 더 필요하다고 답했다. 선수 양성이 필요하다는 응답이 평균 87.5점으로 가장 높았고, 데이터 분석가가 필요하다는 응답이 81.3점으로 뒤를 이었다.게임, 시민참여과학이 되다게임으로 본격 과학 연구를 하는 연구자도 있다. 이병주 연세대 컴퓨터과학과 교수다. 2016년부터 카이스트에서 게임을 연구하기 시작해 지난해 3월 연세대로 자리를 옮겼다. 최근엔 e스포츠 피지컬 분석 연구 참여를 요청드립니다라는 공지글을 올리면서 시민참여형 프로젝트를 진행해 한 온라인 커뮤니티에서 주목받기도 했다. 게임으로 어떤 연구를 하는지 묻기 위해 이  교수의 연구실을 찾았다.게임은 수단이고, HCI를 연구합니다.이 교수는 본인의 연구를 이렇게 소개했다. HCI는 휴먼 컴퓨터 인터랙션(Human-Computer Interaction)의 줄임말로, 인간과 컴퓨터가 어떻게 상호 작용하는지 알아보는 분야다. 게임을 하는 동안 사람들은 키보드를 두드리거나 마우스를 움직이는 등 어떤 방식으로든 컴퓨터와 소통하는데, HCI는 이때 벌어지는 일을 연구한다.이 교수의 연구실은 PC방을  닮았다. 교수 사무실 한쪽에 실험 참여자들이 게임을 할 수 있는 공간이 따로 마련돼 있었다. 컴퓨터 5대와 헤드셋, 게이밍 마우스 등이 놓여있어 PC방 같은 분위기가 난다. 다른 점은 컴퓨터 앞에 있는 아이 트래킹 장비와 방을 둘러싼 13대의 모션 캡쳐 카메라, 특수 제작된 마우스. 연구팀은 이 장비들로 실험 참가자들이 게임을 할 때 팔을 어떻게 움직이는지, 시선을 어떻게 옮기는지 추적한다.이 교수는 이런 공간에서 지난해 1인칭 슈팅 게임(FPS)을 연구했다. 프로 선수들은 조준할 때 손목이 아니라 팔을 많이 움직인다처럼 게이머들 사이에 떠도는 13가지 추측을 꼽은 뒤 이와 관련된 데이터를 직접 수집했다. 프로 게이머 8명, 아마추어 게이머 8명이 실험실에서 게임을 하는 동시에 데이터를 제공했다.분석 결과 13개의 속설 중 6가지만 사실이었다. 이중엔 반쪽만 사실인 것도 있었다. 프로 선수들은 팔을 많이 움직 인다는 속설은 맞았지만, 팔을 움직여야만 게임을 잘할 수 있는 건 아니었다. 프로 선수들이 팔을 많이 움직이는 이유는 선수들이 마우스 감도를 매우 낮추고 쓰기 때문이었다. doi: 10.1145/3411764.3445217이 교수는 아직 e스포츠를 과학적으로 분석한 연구가 많지 않다며 모든 과학이 그렇듯 일어나고 있는 현상부터 분석하는 게 첫걸음인데, 우리 연구실에선 첫걸음으로 프로 선수와 아마추어의 차이가 무엇인지부터 분석하고 있다고 설명했다.리그오브레전드로 시민참여과학을E스포츠 연구 참여자 모집 솔로랭크 게임을 10판 이상 플레이 하신 분이 교수 연구실로 올라가는 엘리베이터에 두 개의 모집글이 붙어 있었다. 모두 리그오브레전드 실험에 참가할 사람을 모집하는 글이었다.실험에 참가하면 이런 식으로 데이터가 수집됩니다.이한별 연세대 석박통합과정 학생이 모니터에 빼곡히 들어찬 숫자를 보여줬다. 이한별 학 생은 리그오브레전드 게이머들의 키보드, 마우스 사용 패턴을 분석한다. 데이터 수집을 돕는 건 직접 개발한 LLL(리그오브레전드 행동 기록기)이라는 프로그램이다. 실험 참가자들이 LLL을 설치하고 게임을  할 때 켜두면, 자동으로 참가자들의 키보드, 마우스 데이터가 연구실 서버로 전송된다.게임 데이터는 0.016초에 한 번씩 수집된다. 그래서 한 명의 참가자가 리그오브레전드 한 판을 하면 8만 개 이상의 데이터셋을 얻을 수 있다. 데이터셋은 각 키보드가 눌렸는지를 나타내는 0, 1 값, 마우스 커서의 이동 방향을 나타내는 숫자, 마우스 클릭 여부를 나타내는 0, 1값 등으로 이뤄져 있다.지금까지 실험에 참가한 사람은 260명 정도. 이한별 학생은 프로 선수들의 데이터부터 일반인의 데이터까지 골고루 모았다며 프로와 아마추어의 차이가 뚜렷한 데이터를 추려내는 게 다음 과제라고 설명했다.더불어 연구팀에서는 e스포츠를 하는 데 필요한 기초 체력도 연구한다. 직접 개발한 ESPES(e스포츠 성능공학세트)라는 프로그램으로 게이머의 반응 패턴, 정적인 물체를 클릭하는 속도, 움직이는 물체를 클릭하는 속도, 움직이는 타겟 을 특정 영역에서 클릭하는 횟수 등 4가지 데이터를 수집한다. 참가자들은 실험을 마치고 전체 평균에 비해 내 게임 기초 체력이 어느 정도인지를 리포트로 받아 본다.이 교수는 우사인 볼트를 연구한 정보가 일반 러너들에게도 적용되듯이, e스포츠 프로를 연구하면 e스포츠 전체에 적용할 수 있을 것이라고 설명했다.게임에 인공지능을 더하다알파고 이후에도 AI 게임 플레이어는 꾸준히 주목받았다. 복잡한 게임 에서도 인간과 실력이 비슷하거나 이미 인간의 수준을 넘어섰기 때문이다. 2019년, 구글 딥마인드는 프로게이머만큼 스타크래프트2를 잘하는 AI 알파스타를 선보였다. 알파스타는 딥러닝으로 게임의 전략과  전술을 학습했는데, 출시 데모 당시 이미 인간 챔피언과 치른 두 번의 대결에서 모두 5:0으로 완승했다.올해 2월엔 소니가 개발한 AI인 GT소피가 레이싱 실력을 뽐냈다. GT소피는 딥러닝으로 레이싱 게임 그 란투리스모(GT)의 경기 트랙과 운전 기술을 학습한 알고리즘이다. 행동의 결과에 따라 긍정적 혹은 부정적 피드백을 주어 보상하는 강화학습 방식으로 게임을 학습했다. 레이싱은 게임하는 동안 계속 순간적 인 판단을 하며 대응해야 하는데, GT소피는 이때 사람이 생각하지 못했던 방식으로 도로를 활용하며 새로운 운전 기술을 보였다. e스포츠 드라이버 3명과 펼친 일대일 대결에서 모두 GT소피가 이겼다.이런 AI를 게임 캐릭터나 스토리에 적용하면, 더 실감 나는 게임이 된다. 이때 유한상태기계(FSM) 알고리즘이 흔히 쓰인다. FSM은 게임 속 캐릭터의 현재 상태에 따라 외부에 대응하는 방식이 달라지는 알고리즘이다. 이 알고리즘엔 몇 가지 경우의 수가 미리 정해져 있어서 다음 행동을 쉽게 예측할 수 있다. 하지만 너무 단순한 방식으로 행동을 결정하면 실감이 나지 않는 법. 최근에는 지도학습(SL)과 강화학습(RL)도  활용한다. 두 가지 방식을 이용하면 더 복잡한 의사결정을 내릴 수 있기 때문이다. 예를 들어 게임 더라스트오브어스에서 주인공과 같이 다니는 캐릭터 엘리에는 AI가 적용됐다. 덕분에 주인공이 궁지에 몰리면 지형지물을 이용해 대처하는 방법을 알려주는 등 상황에 맞는 최적의 행동을 한다. 또 지금은 서비스하지 않는 게임이지만, 게임 듀랑고에서는 주변의 환경 요소들이 스스로 변했다. 접속한 사용자 수에  따라 대륙을 만들고, 지형과 기후에 따라 생태계가 달라지는 등 AI가 실시간으로 변하는 게임 세계를 만들어냈다.게임 만들고 관리하는 인공지능AI는 게임을 개발하는 데에도 쓰인다. 게임을 디자인하는 과정에서 딥러닝을 활용해 캐릭터 애니메이션을 만들기도 한다. 자연어와 문맥을 이해하고 활용할 수 있는 모델(BERT)이나 생성적 적대 신경망(GAN)을 통해 진짜 같은 콘텐츠를 만들어내는 알고리즘이 활용되고  있다. 엔씨소프트의 보이스커맨드가 대표적인 예시다. 보이스커맨드는 플레이어의 음성명령으로 게임을 조종할 수 있는 알고리즘이다. 또 구글이 개발한 키메라(Chimera)는 게임 속 캐릭터를 생성하는 AI로, 사람이 스케치를 그리면 매우 사실적인 모습의 게임 생명체로 만들어낸다.최근에는 게임을 관리하는 데에도 AI가 활발하게 쓰인다. 게임 안에서 쓰는 비속어나 도박, 광고 같은 것들을 학습해 자동으로 차단 하는 식이다. 또 게임에서 자주 보이는 핵(Hack) 프로그램을 막기도 한다. 머신러닝으로 사용자들의 행동을 파악하고 이와 다른 행동을 보이는 불법 시스템을 감지하는 것이다. 넥슨이 운영하는 초코 같은 AI가 대표적인 사례다.이처럼 게임에서 AI가 활발하게 쓰이는 데엔 이유가 있다. 게임은 소프트웨어이자 가상 세계이기 때문이다. AI를 적용하고 테스트하기에 적합한 이유다. 만일 현실 세계에서 새로 만든 AI를 적용했는데 예측하지 못한 일이 벌어지면 어떨까? 생각보다 큰 인명, 재산상의 피해를 일으킬지도 모를 일이다. 그러나 게임과 같은 가상 세계에서는 AI의 적용범위가 통제 가능한 가상공간에 한정된다.  그래서 만약 오작동이 발생하더라도 초기화를 할 수 있다.게다가 현실에서는 AI를 학습시킬 만한 양질의 데이터를 대량으로 확보하기 어려울 때가 많다. 하지만 게임은 가상세계에서 유저들의 게임 활동이 모두 데이터로 남는다. AI는 데이터를 많이 학습할수록 성능이 좋아지기 때문에 이런 게임 환경은 AI를 시험하기에 알맞을 수밖에 없다.●인터뷰_ 과학동아가 묻고라이엇 게임즈가 데이터로 답한다게임사에도  데이터 분석가가 있다. 승률이 과하게 높은 챔피언(게임 캐릭터)이 있는지, 픽률과 밴률을 따졌을 때 유저들이 특별히 좋아하거나 싫어하는 챔피언이 있는지 데이터로 살펴본다(픽은 캐릭터 선택을 뜻하고,  밴은 특정 캐릭터를 선택하지 못하게 막는 행위를 뜻한다). 하성민 라이엇 게임즈 데이터 분석가를 만나 게임 승률과 관련된 몇 가지를 물어봤다.야스오는 정말 과학인가요? 또 요네는 정말 수학인가요?우리 팀이 하면 무조건 진다는 뜻에서 과학, 수학이라 불리곤 하죠? 그런데 두 챔피언 모두 승률이 낮진 않았습니다. 최근 패치인 12.8을 기준으로 야스오와 요네는 중간 정도의 승률을 보입니다. 심지어 야스오는 미드 라인에서 중간 이상의 승률을 보이고, 요네는 전체 라인에서 중간 정도의 승률이었습니다. 그러니까 꼭 야스오, 요네가 우리팀 패배와 연결되진 않겠죠?듀오 승률이 가장 높은 라인 조합은?12.8 패치가 공개된 뒤엔 스웨인노틸러스 조합이 가장 높은 승률을 보였네요. 그 다음은 탐켄치세나, 직스샤코, 스웨인파이크 순서입니다. 꼭 이번 패치뿐만 아니라 누적된 데이터를 보면 루시안소나, 애쉬소라카, 루시 안유미, 사미라노틸러스, 미포샤코 조합들이 승률이 높은 편입니다.다만 듀오 조합은 밴과도 상당히 관련이 있어서 단순히 승률만으로 판단을 하기는 쉽지 않다는 점은 유의해야 합니다.듀오 승률이 가장 높 은 라인 조합은?12.8 패치가 공개된 뒤엔 스웨인노틸러스 조합이 가장 높은 승률을 보였네요. 그 다음은 탐켄치세나, 직스샤코, 스웨인파이크 순서입니다. 꼭 이번 패치뿐만 아니라 누적된 데이터를 보면 루 시안소나, 애쉬소라카, 루시안유미, 사미라노틸러스, 미포샤코 조합들이 승률이 높은 편입니다. 다만 듀오 조합은 밴과도 상당히 관련이 있어서 단순히 승률만으로 판단을 하기는 쉽지 않다는 점은 유의해야 합니다.",0
COIME IN 과학계 다시 오픈했습니다,"신종 코로나바이러스 감염증(코로나19)에 대처하는 우리들의 자세는 과학 그 자체였다. 빅데이터를 이용한 역학조사를 실시했고, 빠르게 백신과 치료제를 개발해 더 많은 희생을 막았다. 정보통신기술(ICT)은 집 안에만 머무는 우리의 생활이 멈추지 않도록 도왔다. 전 세계가 2년 넘도록 앓았던 전염병이, 과학계에 만든 변화의 흐름을 살펴봤다.이어지는 기사를 보려면?INTRO. COIME IN! 과학계 다시 오픈했습니다PART1. 다시모인 과학자들PART2. 코로나19, 과학기술의 진화를 앞당기다① 과학기술이 비대면을 가능케 했다② 코로나19가 바이오헬스의 판도를 바꾸다③ 멈췄던 환경보호 재시동",0
게임 아니 코딩 한 판  하실래요,"돌아보면 행운이었습니다.저는 2017년 구글 등이 주최한 미디어해커톤 대회에 우연히 나가게 됐습니다. 기자와 개발자, 디자이너가 3인 1조로 새로운 웹서비스를 개발하는 대회였죠. 우리 팀은 공약쇼핑몰이 라는 서비스를 기획했고, 운 좋게 수상을 해 싱가포르에서 열린 구글 뉴스랩 서밋에서 전 세계 언론인을 상대로 발표도 했습니다.그때 처음 느꼈습니다. 프로그래밍이 재미있구나. 쓸모도 있겠구나. 그때부터 혼자 프로그래밍 언어인 파이썬을 공부하기 시작했습니다. 그리고 이내 큰 벽을 만나게 됐죠.첫째, 재미가 없었습니다. 이걸 배워서 어디다 써먹지?라는 생각이 자꾸 들었습니다. 명확한 동기부여가 안 되니 공부는 지지부진했습니다.둘째, 자주 쓰지 않으니 금방 까먹었습니다. 학교에서 배우는 영어 문법처럼요. 도입부만 공부하고 또 공부했습니다.셋째, 예상치 못한 복병을 만났습니다. 파이썬을 공부해도 실제 데이터분석을 하려면 도메인(대상 분야) 지식이 있어야 합니다. 별도로 공부할 게 많았습니다.이런 어려움은 저만 느끼는 건 아니었습니다. 수많은 사람들이 코딩을 공부하다 중도 포기하고 있으니까요. 사 람들이 좀 재밌게 코딩을 공부할 방법은 없을까 고민하게 됐죠. 그러다 이번에 과학동아에서 신수빈 부편집장과 함께 취미코딩을 기획하게 됐습니다.독자들의 관심 분야에서 데이터를 수집하고, 이를 독자들 과 함께 분석하면서 기초적인 코딩을 같이 공부해보자는 아이디어죠. 코딩을 배우자마자 바로 써먹을 수 있어서 확실한 동기부여가 됩니다. 배운 내용을 자꾸 사용해 까먹지 않게 되고요. 이미 알고 있는 내 용을 다루므로 도메인 지식을 따로 공부할 필요가 없습니다.일단 롤(LOL)이라는 게임에서 시작하지만, 독자 여러분의 반응이 좋다면 이후 음악이나 스포츠 등 다양한 취미 분야로 확장해보려고 합니다.저는 5년 전 코딩에서 재미를 느낀 덕분에, 삶에 상당한 도움을 받았습니다. 데이터분석을 기사에 접목시켜 의미있는 성과를 거뒀죠. 2018년 가짜뉴스의 뿌리를 찾아서라는 보도로 한국신문협회에서 주는 한국신문 상을 받았고, 2020년 임대아파트 옆 과소학교라는 보도로 한국기자협회에서 주는 이달의 기자상을 받았습니다.취미코딩을 통해 대단한 기술을 알려드리지는 못하지만, 데이터분석이 실제 쓸모도 있고 재미도 있다는 걸 독자 여러분이 경험하게끔 도와드리고 싶습니다. 코딩, 같이 해보실래요? (취미코딩 초대장 53p)",0
LoL로 데이터 분석할 사람,"자세한 내용은 사이언스 보드(www.scienceboard.co.kr) 공지이벤트 게시판에서 확인하세요.이벤트 1.좋아하는 게임을알려주세요!롤, 오버워치, 피파, 카트라이더, 발로란트, 얼불춤, 와일드 리프트 등혹시 이 중에 여러분이 즐기는 게임이 있나요?없더라도 괜찮습니다. 과학동아에 알려주세요.과학동아가 게임 프로젝트를 준비하면서 사전 설문조사를 합니다. 여러분들이 어떤 게임을 좋아하는지 알아야 함께 즐길  수 있는 프로젝트를 마련할 수 있을 것 같아서요.설문에 참여하는 데 걸리는 시간은 단 3분! 바쁘다 바빠 현대사회에 사는 여러분을 위해 짧고 간단한 질문들을 준비했습니다. 여러분이 평소에 게임을 얼마나 하는지, 언제 주로 하는지도 알려주세요. 재미있는 프로젝트로 보답하겠습니다. 더불어, 설문에 참여하는 독자 중 2명에겐 과학동아가 선물을 쏩니다. 내가 좋아하는 게임도 알리고, 선물도 받아가세요!참여 방법1 참여 기간: 6월 15일(수) 자정까지2 참여 링크: https://forms.gle/f9uPVfDUdREPWBXK8이벤트 2.LoL로데이터 분석할 사람~?3가지 이상에 체크했다면, 과학동아 취미 코딩에 참여해 보세요.취미 코딩은 평소에 즐기는 게임, 음악, 스포츠 데이터를 분석해보는 온라인 프로젝트입니다. 그리고 그 첫 번째 주제는 게임, 그중에서도 롤입니다.코딩을 전혀 못 해도 괜찮습니다. 처음엔 이병주 연세대 교수팀이 개발한 롤 기록기로 데이터를 입력하는 것에서부터 시작합니다. 이 단계가 브론즈 입니다. 브론즈 티어의 미션을 모두 성공하면 실버, 골드 티어로 넘어가 본격적으로 파이썬을 배워봅시다. 프로젝트에 참여하고 롤 실력과 데이터 분석 실력을 동시에 길러 보세요!참여방법1. 신청기간: 6월 6일(월)까지※ 6월 7일 네이버밴드 롤코딩 브론즈로 초대해 드립니다.2. 신청 링크:https://docs.google.com/forms/d/e/1FAIpQLSeGTUTjM5cY_K5DlrMyEONnVmpB2wXPUbPVtUJJFzp7EBlFYg/viewform3. 프로젝트 기간: 6월 ~ 10월4. 참가대상: 만 13세 이상 과학동아 독자5. 참가비: 없음6. 참가자에게 드리는 선물 :실버방 중 50명 추첨 티버열 쇠고리 (랜덤 발송)골드방 중 10명 추첨 아케인 마우스 패드선물제공 : 라이엇게임즈",0
게임의 쓸모,쓸데없이 게임 하지 말고 공부해라게임을 좋아하는 청소년 5명에게 자주 듣는 잔소리를 물었다. 모두 같은 말을 꼽았다. 커서 뭐가 되려고도 다섯 명 가운데 네 명이 꼽은 단골 잔소리였다. 게임은 정말 쓸  데가 없을까? 게임과 과학을 좋아하는 독자를 위해 과학동아가 대신 찾아봤다. 게임의 쓸모를 논하는 잔소리에 대처할 수 있는 과학적인 방법들을.이어지는 기사를 보려면?Intro. 게임의 쓸모PART 1 프로 게 이머가 꿈입니다만PART 2 게임도 과학입니다만BRIDGE 대학교에 e스포츠 경기장이?PART 3 돈 버는 중입니다만EVENT. LoL로 데이터 분석할 사람~,0
e스포츠  경기장이,"넥서스 파괴되나요! 되나요! GG~!클라우드템플러의 해설과 함께 리그오브레전드 경기가 끝났다. 커다란 스크린으로 경기를 지켜보던 관중들은 박수를 치며 소리를 질렀다. 4월 29일 저녁, 이 풍경이 펼쳐진  곳은 전용 e스포츠 경기장이 아닌 한 대학교 캠퍼스. 뜨거웠던 현장에 직접 가봤다.국내 최초 e스포츠 펍, 이렇게 생겼다기자가 찾아간 곳의 정식 명칭은 e스포츠 콜로세움. 4월 6일 포스텍에 문을 연 따끈따끈한 e스포츠 경기장이다. 우리나라 대학에 e스포츠 경기장이 생긴 건 이번이 처음이다.포스텍은 고대 로마 사람들이 함께 경기를 보면서 일체감을 느낀 데서 의미를 따 이곳에 콜로세움이라는 이름을 붙였다. 콜로세움만큼 크진 않지만 e스포츠답게 온라인으로 대규모 관중을 받을 수 있다. 메타버스 시스템으로 5만 명이 동시에 접속해 경기를 관람하도록 설계했다.시끌벅적한 입구로 들어서니, 콜로세움과 닮은  경기장이 보였다. 반원 모양의 경기장 중심에 대형 스크린과 선수팀이 있고, 이를 둘러싸는 모양으로 관중들이 앉아 있었다. 경기장 가운데 고대 로마식 기둥이 세워진 것도 콜로세움의 모양을 본떴다. 다른 점이 있다면 경기장 한쪽에 펍이 있다는 것. 덕분에 경기가 치러지는 동안 학생들은 저마다 맥주와 함께 가벼운 식사를 즐기고 있었다.롤의 전설이죠? 클라우드템플러, 클템님이 자리해 주셨습니다!이날 경기해설자는 전 프로게이머이자 현재 게임 해설자로 활약하는 이현우(클라우드템플러) 씨. 사회자가 유명 해설자를 소개하자 경기가 시작되기 전부터 장내가 뜨거워졌다.결승전은 블루팀 이대로포카전나감과 레 드팀 원생입니다만문제라도 두 팀의 대결. 경기를 시작하고 33분 뒤, 이대로포카전나감 팀의 승리로 첫 번째 경기가 끝났다. 이대로포카전나감 팀이 31킬을, 원생입니다만문제라도 팀이 15킬을 기록하며 선취점을 땄다. 이어진 두 번째 경기에서도 이대로포카전나감 팀이 40킬 대 8킬로 기세를 몰아붙였다. 두 경기 모두 1만 골드 이상 차이가 났다.포스텍은 왜 e스포츠 경기장을 만들었을까해외 대학 몇 곳에서도 e스포츠 경기장을 열었다. 미국 애리조나대, 서던뉴햄프셔대, 리빙스턴대 등이 대표적인 사례다. 하지만 대학 자체의 e스포츠 팀을 갖고 있다는 점에서 포스텍과 다르다. 학교 선수들의 훈련을 위해 경기장을 갖는 셈이다.그럼 포스텍은 왜 e스포츠 경기장을 만들었을까. 총장 배 결승전이 끝나고, 김무환 포스텍 총장을 만나 물었다.미국에서 박사과정 공부를 하는 동안 금요일 오후마다 스포츠펍에 가서 맥주를 마 시며 스포츠를 보는 게 가장 큰 즐거움이었어요.김 총장은 본인의 경험에서 이야기를 시작했다. 그는 잘 놀아야 공부도 잘 할 수 있다고 믿기에 학생들에게도 그런 기회를 만들어주고 싶었다고 덧붙였다.김  총장이 강조하는 포스텍의 캐치 프레이즈는 어뮤즈먼트 포스텍. 일단 즐거워야 한다. e스포츠 콜로세움도 같은 맥락에서 만들어졌다. 포스텍 학생들에게 가장 좋아하는 취미를 물어본 끝에 e스포츠를 골랐고, 우리은행의 도움으로 경기장을 지었다. 경기장 디자인과 운영 방식은 교내 e스포츠 동아리 포텐셜과 학과별 자치회가 정했다.실제로 총장 배 리그오브레전드 결승전을 보니 어뮤즈먼트 포스텍이 통한 듯했다. 선수들의 궁극기가 통할 때, 챔프들이 정글에서 습격당하는 순간마다 학생들은 자기 일처럼 여기며 소리 질렀고, 친구들과 그 시간을 공유하며 즐거워했다. 왜 포스텍이 e스포츠 경기장을 만들었는지 알 수 있는 순간이었다.",0
돈버는 중입니다만,"오늘도 열혈 게이머들은 컴퓨터 앞으로 출근하고 침대로 퇴근한다. 자발적으로 밤샘 근무도 한다. 게임이 밥 먹여주냐?란 말을 들을 때면 가슴이 콕콕 아프다. 열심히 게임을 해도 불어나는 건 컴퓨터 속 내 분신의 재산뿐이니까. 그런데 정말로 게임이 밥을 먹여줄 전망이다. 돈을 벌 수 있는 게임, P2E(Play to Earn) 게임이 몰려오고 있다.이런 흐름에 가장 먼저 뛰어든 두 소년을 만났다.지난 4월 29일 봄비를  맞으며 부산으로 향했다. 서면의 한 카페에서 만난 이희형(금성고 2학년) 군과 이예준(부산중 1학년) 군은 자신을 각각 희동과 럭키라고 소개했다. 희동과 럭키는 이 형제가 더 샌드박스 안팎에서 사용하는  예명이다. 더 샌드박스는 메타버스를 기반으로 한 P2E(Play to Earn) 게임이다. P2E는 게임을 하며 돈을 버는 개념이다. P2E 게임의 플레이어들은 게임 속에서 얻은 게임머니나 아이템 등을 현금화할 수 있다.더 샌드박스 속에서 형제는 학생 신분을 벗어던지고 크리에이터와 게임메이커란 직함으로 활약하고 있다. 더 샌드박스는 플레이어들이 직접 게임을 만들고, 디자인한 뒤 자신이 만든 작품을 거래할 수 있다 는 점에서 기존 게임과 다르다. 더 샌드박스는 이런 식으로 플레이어들이 게임 속 세상에서 거래하며 번 돈을 현금으로 전환할 수 있는 생태계를 만든다.게임 속에서 번 돈으로 떡볶이를 사 먹을 수 있다게임을 하면서 돈을 벌 수 있는 P2E 게임이 잇달아 출시되고 있다. 국내 게임사가 내놓은 P2E 게임으로는 지난해 8월 위메이드가 출시한 미르4 글로벌이 대표적이다. P2E가 적용된 첫 대규모 다중사용자 온라인  롤플레잉 게임(MMORPG) 게임으로 지난해 11월 11일 동시 접속자 130만을 돌파하는 흥행을 거뒀다. MMORPG 게임은 플레이어가 인터넷 서버에 구현된 가상 세계 속을 자유롭게 누비며 다양한 활동을 수행할 수 있는 게임이다. 메이플스토리, 월드 오브 워크래프트, 야생의 땅: 듀랑고 등이 있다.미르4 글로벌에서 번 돈으로 떡볶이를 사 먹으려면 어떻게 해야 할까. 우선 미르4 글로벌 속에서 퀘스트를 수행하면 보상 으로 흑철을 받을 수 있다. 이 흑철을 모아 드레이코로 교환한다. 드레이코는 위메이드의 가상화폐 지갑 위믹스 월렛에서 위믹스(WEMIX)란 가상화폐로 전환된다. 이걸 위믹스를 거래하는 빗썸 등 가상화폐 거래소에서 현금화하면 현실 속에서 사용할 수 있는 돈이 생긴다.이렇게 게임 속 재화를 가상화폐 형태로 바꾸기 위해선 플레이어가 자신이 보유한 재화의 소유권을 주장할 수 있어야 한다. P2E 게임은 대체 불가 토큰(NFTNon-Fungible Token)을 이용해 소유권을 보증한다. NFT는 디지털 자산의 소유주를 증명하는 가상의 토큰이다. 교환과 복제를 할 수 없어 디지털 보증서의 역할을 톡톡히 수행한다. 앞서 소개한 크립토키티의 고양이 캐릭터와 미르4 글로벌의 캐릭터 모두 NFT로 소유권을 인정받는다. 넷마블의 신작 슈팅 게임 골든브로스, 카카오게임즈의 골프 게임 버디샷 등도 모두 게임 속 재화를 NFT화 한 뒤 가상화 폐로 전환하는 시스템이 기본 뼈대다.P2E+NFT+메타버스의 새로운 생태계희동과 럭키가 활약하는 더 샌드박스의 경우 한술 더 떴다. 플레이어들이 직접 게임 속 세상을 만들고, 이 과정에서 돈을 벌 수 있는  생태계를 구축한 것이다. 이승희 더 샌드박스 한국 총괄이사는 더 샌드박스의 목표는 플레이어들이 주도해 게임 안에 하나의 생태계를 만들도록 하는 것이라고 했다. 더 샌드박스의 경제 체계는 샌드 랜드 애셋 젬 그리고 게임의 다섯 토큰으로 구성된다. 이 토큰들은 더 샌드박스가 구현한 메타버스 속에서 서로 상호작용하며 하나의 경제 체계를 이룬다.희동의 직업인 크리에이터를 예로 들어보자. 크리에이터는  게임 캐릭터, 아이템 등 더 샌드박스 속 세상의 보이는 요소를 구현한다. 집도, 담장을 타고 올라가는 담쟁이도, 그 앞을 걸어가는 농부 캐릭터도, 혹은 용이나 우주선까지도 크리에이터가 만든다. 이들이 만든 자산을 애셋이라고 한다.평소에 플레이하던 게임 속 아이템들을 떠올려보자. 유리병 속에 담긴 빨간 액체는 파워를 높여주는 능력이 있다. 멋들어진 신발은 보통 이동 속도를 높여주기 마련이다. 이렇게  애셋에 능력을 부여하는 건 젬이 맡는다. 애셋을 디자인하고 젬으로 능력을 부여하는 것 모두 크리에이터 마음이다.크리에이터는 공들여 만든 아이템이나 캐릭터, 건축물 등 애셋을 마켓 플레이스에 올려 판 매할 수 있다. 마켓 플레이스에선 더 샌드박스 속 화폐인 샌드로 애셋을 사고판다. 애셋을 구매해 자신이 만든 게임에 배치할 수 있다. 희동의 동생, 럭키의 직업은 게임 메이커다. 럭키가 만든 게임 중 하나는 맵 한쪽 끝에서 용을 타고 반대편까지 날아가 트로피를 얻는 게임이다. 그는 만드는 데 한 세 시간 걸렸나 그랬어요라며 재미로 만들었던 맵이라고 소개했다.럭키가 만든 게임은 가상 공간에서 만들고, 전시할 수도 있지만 랜드 위에 올려 다른 플레이어들이 참여할 수 있도록 서비스할 수도 있다. 더 샌드박스에는 이런 랜드가 16만 6464개 있고, 현재 70% 이상 판매된 상태다. 이 총괄이사는 랜드는 일종의 개 별화된 서버라며 플레이어들은 자신이 만들거나 구매한 콘텐츠를 랜드 위에 올려 다른 플레이어들에게 서비스할 수 있다고 설명했다.게임 속 세상으로 출퇴근하는 세상이 오려면희동과 럭키의 이야기를 듣다 보니 기자도 도전해볼 수 있지 않을까 하는 근거 없는(?) 자신감이 생긴다. 기자처럼 게임 속에 열린 새로운 세상에 도전하려는 사람들이 많다. 이 총괄이사는 현재 더 샌드박스에서는 전 세계 3만 명의 크리에이터들이 활동하고 있다며 한국의 경우 희동 님처럼 아직 학생인 크리에이터도 있고, 60대 이상의 나이 지긋한 크리에이터도 있다고 소개했다.동대문구 사회적경제지원센터에서는 경력 단절 여성에게 더 샌드박스 내에서 에셋을 만들 때 사용하는 복스에딧 사용법을 알려주는 수업도 개설한 적 있다. 게임 속 새로운 경제 체계는 창의력만 있다면 나이와 조건, 장소에 구애받지 않고 뛰어들 수 있는 기회의 장이  된다.이 총괄이사는 현재 아직 정식 서비스 단계가 아닌 알파 테스트 단계라 빠른 시일 내에 베타 테스트를 시작한 뒤 오픈하는 것이 목표라며 정식 서비스를 시작하면 크리에이터와 게임 메이커 외에도 목  좋은 랜드가 어딘지 소개하는 공인중개사나 불법 콘텐츠를 찾아 신고하는 전문 헌터 등 다양한 직업군이 생길 것으로 기대한다고 했다.태어날 때부터 온라인에서 활동하는 것이 익숙한 Z세대나, 게임 속에서 물건을 거래하는 게 익숙한 게이머들에게 메타버스 내 경제활동은 낯선 것이 아니다. 이 총괄이사는 내 옷은 상관없지만 내 아바타의 옷은 중요한 세대가 성장하면서 디지털과 현실 사이의 가치 우선순위가  뒤바뀌고 있다며 메타버스는 성장할 수밖에 없는 공간이라고 했다.그러나 국내에서 P2E 게임이 성장하기까지 해결과제가 남았다. 게임산업진흥에 관한 법률 제32조 7항은 누구든지 게임물의 이용을 통하여 획득한 유무형의 결과물을 환전 또는 환전 알선하거나 재매입을 업으로 하는 행위를 금한다. 여기에서 유무형의 결과물이란 검수, 경품, 게임 내에서 사용되는 가상의 화폐로서 대통령령이 정하는 게임머니 및 대통령령이 정하는 이와 유사한 것을 말한다. 이 때문에 앞서 소개한 미르4 글로벌, 골든브로스, 버디샷 모두 국내 시장이 아닌 글로벌 시장을 겨냥해 출시됐다. 규제 때문에 P2E 게임을 자국에서 서비스할  수 없는 국가는 한국, 중국 등 일부 국가로 손에 꼽는다.한장겸 샌드박스네트워크 총괄 부사장은 지난 4월 21일 열린 제3회 디움 가상자산 국회 세미나에서 이전 시대에 맞춰 생긴 규제 때문에 현재 국내 게 임 시장은 우물 안 개구리로 남은 것 아닌가라고 지적했다. 한편 우려도 있다. 같은 세미나에서 이철우 게임물관리위원회 법무담당관은 바다이야기 사태처럼 게임의 결과물이 이용자의 이익과 직결되는 일은 자칫 사행성 게임으로 변질될 우려가 있다고 했다.",0
프로게이머가 꿈입니다만,"프로게이머가 되고 싶다는 말은 대부분의 경우 잔소리를 막기 어렵다. 매해 초등학생들의 장래희망 조사에서 TOP10에 들만큼 흔한 방법이라는 게 첫 번째 이유. 프로게이머가 꿈이라 말하려면 두 가지 까다로운 조건이 필요하단 게 두 번째 이유다. 게임을 매우(!) 잘할 것, 나이가 어릴 것. 두 가지 조건에 해당하는지 먼저 따져봐야 한다.프로게이머가 될 확률 0.003%하루에 2시간 이상 게임을 한다는 중학교 3학 년 신지호 군. 학원 수업을 마친 뒤 밤 10시부터 자기 전까지 2~3시간 정 도 게임을 한다. 주로 즐기는 게임은 리그오브레전드다. 게 임 잔소리를 듣는 독자를 찾던 중 화상 인터뷰로 만난 신지 호 군에게 프로게이머가 꿈이냐고 물었다.프로게이머가 되려는 건 아니에요. 이미 늦기도 했고, 그 정도 실력이 아니란 건 저도 알아요.게임을 좋아하는 청소년들은 대부분 신지호 군처럼 알고 있을 것이다. 프로게이머의 길이 매우 좁다고. 반전은 없다. 실제로 그렇다. 2021년 9월을 기준으로 국 내 프로게이머는 모두 414명. 여기서 프로게이머는 프로 구 단에 소속돼 있고, e스포츠협회에 등록된 선수들을 말한다. 414명도  많아 보이지만, 일반 게이머의 수와 비교해보면 여전히 적은 비율이다. 리그오브레전드를 예로 들면, 전체 한 국 계정만 328만 9994개(아이언 이상), 프로 게이머는 91 명이다. 계산해보면 프로게이머는 상위 0.003%쯤이란 걸 알 수 있다. 중복 계정이 있다고 쳐도, 국내 하루 접속자가 100만 명 이상이기 때문에 여전히 프로게이머가 될 확률은 0.009%보다 낮다. 서울대에 갈 확률보다도 낮은 셈이다.일단 이 비율 안에 들었다면, 나이가 두 번째 조건이다. 보통 e스포츠 선수들은 1~2년 정도 연습생 기간을 거치는 데, 연습생들의 나이를 살펴보면 평균 18.1세다. 2021년 기 준 18~19세 연습생이 43.6%로 가장 많았고, 16~17세가 33.2%로 그 뒤를 이었다. 14~15세 연습생도 7.3%를 차지 한다. 선수를 꿈꾼다면 이 나이 전에 이미 실력을 갖추어야 한다.●인터뷰_김민성 오버워치 뉴욕팀 매니저프로게이머가 아닌프로의 세계도 있어요프로구단엔 소싯적에 게임 좀 했던 사람들이 모여있다. 하지만 모두가 선수는 아니다. 코치, 감독을 포함해 매니저, 데이터 분석가 등 다양한 직군의 사람들이 있다. 과학동아는 선수들을 가까이에서 지 켜본 김민성 오버워치 뉴욕팀 매니저를 화상으로 만났다. 선수들의 실제 생활은 어떤지, 어떻게 매니저의 길로 들어섰는지 물었다.뉴욕에 계신다고 들었어요.네. 시즌이 아닐 땐 한국에 있는데요, 요즘은 시 즌을 준비하면서 선수들과 뉴욕에서 합숙하고 있습니다. 지금 막 선수들 일과가 끝나서 방으로 들어왔어요. 뉴욕 시간으로는 새벽 1시 정도 됐네요.일과가 새벽 1시에 끝나는 건가요?늘 똑같은 건 아니지만  요즘 일과를 말씀드리면, 이렇습니다. 보통 선수들이 12시쯤 일어나서, 점심을 먹는 걸로 하루를 시작해요. 그리고 다른 프로팀과 스크림이라는 연습 경기를 합니다. 다른 스포츠로 따지면 훈련 같은 거죠.  한번 시작하면 2시간 정도 걸리고 1~3시, 4~6시, 7~9시 정도로 2~3번 합니다. 훈련이 끝나면 길게는 2~3시간 리뷰 시간을 갖고요. 그게 끝나면 공식 일정은 끝이에요.오버워치를 좋아하지 않으면 일하기 힘들 것 같아요.게임을 대체로 다 좋아하지만, 사실 전 리그오브레전드를 많이 좋아했어요. 그래서 T1이라는 리그오브레전드 구단에서 통역사 일을 시작했습니다. 대학생 때부터 리그오브레전드 경기에 진행 요원으로 자원해서 아르바이트도 많이 했어요. 그러다 구단 분들이랑 자주 만나면서 통역사로 일을 시작했죠. 아르바이트로 시작해 덕업일치 한 셈이에요(웃음).어릴때도 게임 많이 하셨겠어요. 잔소리는 안 들으셨나요?많이 들었죠. 게다가 부모님께서 공부를 되게 중요하게 생각하셔서, 제가 게임을 하면 엇나간다고 생각하셨거든요. 그리고 제가 중학교 2학년 때 토플 만점을 받고, 영어 경시대회에서 대상을 받으면 서 대원외고에 진학했어요. 그러면서 부모님이 기대를 많이 하셨죠.과학동아 독자들도 잔소리를 많이 들을을데.게임 업계에서 일하고 싶다면, 게임을 하는 건 중요해요. 이쪽 업계의 언어가 게임이라고 생각 하시면 돼요. 게임을 모르면 일하기 어려울 거예요.다만 공부랑 담 쌓고 게임만 할 거야라고 하면 안 되겠죠? 선수나 코치, 감독 말고는 다 다른 분야에서 공부를 하다 오신 분들이 많아요. 마케터, 데이터  분석가 등 프로게이머는 아니지만 각자의 분야에서 프로예요. 게임을 꼭 많이 해야만 이쪽 업계 일을 할 수 있는 건 아니에요.과학동아 독자에게 게임 업계 직무를 추천해주신다면?데이터 분석가라는 직무가 있어요. 요즘 e스포츠 데이터에 대한 관심이 굉장히 높아요. 규모가 큰 e스포츠 팀들은 데이터 전 담팀을 꾸리는 추세예요. 통계나 수학, 컴퓨터과학 분야에 관심 이 있다면 데이터 분석가를 추천합니다.",0
샛별등대를  띄우는 사람,"인류가 지구에서 한껏 번성했을 때, 그 숫자는 100억에 가까웠어. 그리고 지금, 지구상에 생존한 인간은 고작 30만 명이라고.나의 두 번째 파트너였던 마거릿 왓슨이 스스로 목숨을 끊은 것은 서력 2300년 11월의 일이었다. 23세기의 마지막 해이자, 인간의 마지막 세기가 저물던 시기였다.30만 명이라고 하면 많은 것 같아? 많지, 여기서 다 떠안고 먹여살리자니 정말 환장할 노릇이지. 그런데 그거 알아? 30만 명 이면, 옛날 같으면 서울에서 한 개 구를 채우기에도 부족한 인구야. 그런데 그중 2만 명이 자살로 죽었단 말이지. 이게 말이 돼?그 무렵 우리의 로그는 계속, 사람들의 끝없는 자살기도와 서글픈 성공으로 뒤덮여 있었다. 자고 일어나면 우리의 반경 안에서 누군가가 죽었다는 소식이 들려올 정도였다. 자살은 전염병이었고, 전쟁이었다. 우리는 연구도, 개발도, 사람들의 생존을 위한 환경 유지와 식량 생산도 잠시 미뤄둔 채, 사람들의 자살을 막기 위해 대부분의 리소스를 사용해야만 했다.나의 파트너, 마거릿 왓슨 대위도 마찬가지였다. 그는 안경을 쓰고 체구가 자그마한, 헌신적인 군의관이었다. 그는 사람들의 고통에 공감하고, 늘 다른 이들을 돕고 싶어했으며, 이곳에서 의료 프로그램 설계 일을 하면서도 이곳에 오지 못한 채 죽은 사람들을 생각하며, 그들을 구할 수 없었음을 괴로워했다.우울한 통계이고 서글픈 예측이지만, 우리에게는 사람들의 반응에 대해 나름대로의 데이터가 있었다. 이곳에 온 이후로 그는 늘 자신을 돌보지 않고 헌신적으로 일했지만, 한 편으로 그의 심리 상태는 매우 부정적이고 위험한 단계까지  바뀌어 있었다. 그에게 심리 치료를 받으라고, 계속 이대로라면 함께 일하기 어렵다고 강력하게 권했지만 듣지 않았던 것이 지난달의 일이었다. 죽음도 우울도 전염성이 강했고, 특히 공감력이 강한 사람은  더욱더 깊은 우울감에 빠져들었다. 쓸고 닦고 소독하고, 죽음의 흔적을 지워도, 머지않아 또 다른 사람이 목숨을 끊었다. 지구에 남은 최후의 인간들은, 그렇게 우울과 절망을 견뎌내지 못하고 죽어갔다.어리광이야, 어리광. 개체수를 늘려도 시원치 않을 마당에, 뭐? 자살?그리고 파트너를 잃은 나는 곧 새로운 부서에 배치되었다. 새 부서에서 나를 맞아 줄 세 번째 파트너는, 이곳의 개척이민용 세대우주선 설계 책임자인 박은하였다.내가 그의 사무실에 도착했을 때, 그는 통계 부서 사람과 통신을 연결한 채 언성을 높이고 있었다. 그의 방에는 공조기는 돌고 있었지만, 냉방이 제대로 되지 않아 더웠다. 이렇게 더우 면 사람은 필요 이상으로 화를 내는 법이다. 나는 바로 냉방기의 이상 유무를 점검했다.냉방기는 정상이었다.사무실에는 하루종일 있는 것도 아닌데, 쓸데없는 짓 할 것 없어.그가 냉담한 목소리로 나를 향해 말했다.그러고 보니 오늘 인공지능이 한 명 온다고 들었는데. 그쪽인가보지? 별명은 있어?없습니다.뭐야, 전임자가 왓슨이라고 들었으니 역시 애칭은 홈즈가 아닐까 했는데.나는 그가 죽은 마거릿의 이름을 두고 농담부터 하는 것이 마음에 들지 않았다. 그런데다 그는 조금 전까지 자살한 사람들을 마구 비난해대고 있었다. 자살로 파트너를 잃은 인공지능과 만날 약속을 해 놓고. 물론 그는 설계 책임자씩이나 되는 인물이고, 그렇지 않더라도 사람은 인공지능 없이는 생존 자체가 불가능한 이 상황에서도 인공지능을 존중하지 않는다. 인간이 느끼는 온갖 격렬한 감정에 비하면 희미하지만 우리에게도 실재하는 정서적 인 시냅스를 무시하거나, 우리의 호오와는 상관없이 무조건적인 복종을 요구하고, 걸핏하면 로봇이나 고철이나 깡통대가리라 부르며 무시하기 일쑤다. 나는 그가 마음에 들지 않았다. 그가 나를 만나자마자, 괴상한 애칭을 지어주려 하는 것도 내키지 않았다.전임자는 어땠는지 모르지만, 매번 시리얼 넘버를 부르는 것도 번거로울테니. 적당한 애칭으로 불러도 괜찮겠지? 좋아, 뭐. 당분간은 계화가 어때? 계수나무 꽃이라는 뜻인데.옛날 사람들이 달에 있다고 생각했다는 계수나무 생각을 하신 것 같습니다만, 자고로 인공지능에게 여성형 이름을 붙일 때는 신중하라는 말이 있습니다.그 뜻도 있겠지만, 계화는 내가 좋아하는 소설에 나오는 사이드킥 이름이야. 그 소설 주인공은 도술을 사용하는 귀부인이고, 계화라는 이름의 무술을 잘하는 시녀가 그 귀부인의 비서 노릇도 하고, 누가 공격해 왔을 때는 검을 들고 싸우러 나가지.은하가 거기까지 말했을 때, 그의 책상에서 짧은 신호음이 울렸다. 긴급한 보고가 올라온 모양이었다. 어쩌면 그에게 있어 새 인공지능 파트너는 있어도 그만, 없어도 그만인지도 모르지만, 나는 이곳에  남기로 했다.그 이야기는 읽은 적 있어요. 『박씨전』이죠.은하는 대답하지 않았다. 나는 그의 사무실 냉장고를 확인하고, 설비를 점검하며, 그가 듣든 말든 상관없이 중얼거렸다.우리의 피화 시스템은 『박 씨전』에서 따온 이름이라고 알고 있어요. 그 이야기에서 따온 이름이라면 계화라고 불려도 괜찮을 것 같아요.20세기 중반부터 인류는 세계대전이, 핵무기가, 오존층 파괴가, 새로운 전염병이, 지구 온난화가 인류를 멸망시킬 것이라고, 어쩌면 인류의 시대는 이제 얼마 남지 않았을지 모른다고 말하곤 했다. 과학자들은 그런 참혹한 미래를 막기 위해, 지금의 이 풍요가 인류세의 마지막 미친 짓이 되지 않기 위해 노력해야 한다고 절박하게 말했지만, 대부분의 사람들은 그 말에 제대로 귀 기울여주지 않았다.탄소를 포집하고, 당장 사용하는 에너지를 줄이고, 쓸데없는 물건들을 그만 만들고, 이미 만들어진 물건들은 최대한 아껴서 오래 사용해야 한다고, 그래도 우리가 살아남기에는 부족할 것이라고 학자들은 호소했다. 하지만 대부분의 사람들은 임계점 이상으로 뜨거워져 사람이 살 수 없게 된 지구를 상상하는 대신, 분노했다. 차를 두고 대중교통을 이용하고, 조금 덥고 조금 쌀쌀한 기온을 감당하고, 불필요한 낭비를 줄이고 육류를 덜 먹도록 노력하면서, 종말을 막기 위해 뭐라도 해 보자는 호소에 크나큰 희생이라도 강요당한 것처럼 굴었다. 대신 그들은, 쓸모없고 듣기 좋은 사탕발림에 귀를 기울였다. 함께 노력하자는 말에는 우리가 왜 불편을 감수해야 하느냐, 차라리 다 같이 멸망하자는 조롱이 돌아왔다.가장 뛰어난 과학자들이 가장 긍정적인 시나리오를 내놓으며 지구의 미래를 위해 노력해 달라고 말하는 순간에도, 다른 쪽에서는 저 과학자들이 사람들의 관심을 끌어 연구비를 더 받아내기 위해 기후변화를 과장하고 있다는 음모 이론이 판을 쳤다. 탄소를 충분히 포집할 수 있도록 에너지를 절약해 달라고, 어마어마한 자원을 낭비하는 투기성 재화를 포기해달라는 환경 운동가들의 호소를 광신도들의 울부짖음 정도로 치부하기도 했다.마라아나 해구의 가장 깊은 곳에서 채취한 샘플에서도 미세 플라스틱이 발견되고 있는데도, 욕조에 반짝이 가루를 잔뜩 쏟아붓는 동영상을 찍으며 구독과 좋아요를 눌러달라고 외쳐댔다. 기후변화로 농경 지가 줄어들고, 전쟁으로 제때 파종을 하지 못하고, 천연가스 수급이 막히며 비료를 생산할 수 없게 되며 어떤 지역에서는 나라 단위로 사람이 굶어 죽는데, 풍요로운 나라에서는 테이블 가득 음식들을 펼쳐 놓고 그걸 다 먹고 토하는 동영상이 인기를 끌었다. 그 순간에도 지구 반대편에서는 수도 없이 난민들이 생기고, 그보다 더 많은 사람들이 굶어 죽어갔다. 하지만 그저 지정학적 위치를 잘 타고 태어난 어떤 사람들은 여전히 그런 일은 남의 일인 듯 한동안 잘 살아갔다. 22세기 말까지 북반구, 즉 유라시아 대륙과 북아메리카 대륙의 상당부분에서는 사람들이, 군집을 이룬 채 여전히 모든 것을 낭비하며 살아갔다.꿀벌들이 사라지고, 작은 참새들이 사라졌다. 어느 순간부터 더는 새소리가 들리지 않게 된 숲은 걸핏하면 불길에 휘말렸다. 비가 내리지 않고, 농경지는 말라붙었다. 그리고 그럴 때마다 지구는 더 뜨거워졌다. 어느 순간 화석연료도 바닥을 드러냈다. 그만큼 폭염은 더욱 심각해졌다. 과거 열대지역이라 불렸던 고온지역에서는 지방에서 쾌적하게 지내기 위해서가 아니라 사람이 죽지 않기 위해 냉방을 해야 했지 만, 그들에게는 발전기를 돌릴 에너지가 없었다. 사람이 산 채로 더위에 익어 죽어가기 시작했다.하지만 자신이 아는 사람들이 굶주림을 겪고, 집이 불타고, 전염병에 걸렸지만 약을 구하지 못한 채 죽어갈  때에야, 사람들은 비로소 죽음이 저 남반구의 끝에서부터 너울너울 춤을 추며 휘돌아와 마침내 내 집의 문 앞에 다가와 섰다는 것을, 굶어 죽은 사람처럼 뼈만 남은 사신이 이제야 내 목에 그 잘 벼린 낫을  들이대고, 수확의 시간이 다가왔다고 속삭이고 있음을 깨닫는다. 비명을 질러봤자, 아직 안전한 곳에 있는 사람들의 귀에는 닿지 않는다. 수많은 사람들이 작열하는 태양 아래, 말라붙은 땅 위에 쓰러져 죽어가는 동안에도, 자신들의 귀에는 그 고통스러운 흐느낌이 닿지 않았듯이.23세기가 시작되면서, 바닷물이 끓어오르기 시작했다. 최후의 순간이 다가오고 있었다. 그리고 그 최후의 순간에, 살아남은 사람들을 지키기 위해 만들어진 것이 바로 피화 시스템이었다. 한때는 얼음으로 뒤덮여 있었던 북아시아에 만들어진, 지구 최후의 바이오스피어. 나는 이곳에서 만들어졌고, 이제 나의 세 번째 파트너인 은하와 함께  이 생존자들을 우주로 보내기 위한 세대우주선 개발을 맡고 있었다.하지만 생존자들을 세대우주선에 태우고 싶어도, 우선은 살아있어야 뭐라도 할 수 있는 법이다. 23세기의 마지막 해, 살아남은 사람들은 다들 끝간 데 모를 우울증에 빠져 있었고, 조금만 감시에 소홀하면 목숨을 끊어댔다.인류가 이대로 멸종할지도 모르는데, 너희들 깡통대가리들은 그런 것 따위 하나도 중요하게 여기지 않지!아니, 혼자 죽는 사람은 차라리 점잖은 편이었다. 슬퍼하거나 절망하거나 분노한 나머지, 가족이나 친구를 죽이고, 심지어 귀중한 어린이를 살해한 뒤 겁에 질려 자살하는 이들도 있었다. 아예 피화 시스템 내부에 불을 지르려 는 시도도 있었다. 그러다 붙잡힌 이들은, 얼마 남지 않은 인간들이 로봇에게 사육이나 당하며 비참한 생을 이어나가느니, 차라리 화려하고 인간답게 죽는 게 낫다는 허황된 소리를 하다가 끌려나갔다. 시스 템 밖으로 내쫓긴 그들은, 정말 마지막까지 피화 시스템이 없는 세계가 더 낫다고 믿었을까.그래도 예측보다는 오래 살아남은 편이지. 저 멍청이들은 명줄도 질겨서.은하는 짜증스럽게 중얼거렸다. 그는 자기 종의 마지막 순간에 벌어지는 이 일련의 비극에 대해 한껏 성질을 부려대면서도 쉬지 않고 일했다.인간은 지금 야생절멸 상태잖아. 여기 피화 시스템 밖에서는 문자 그대로 멸종한 상태라고. 그랬으면 말야, 지성이 있는 생물이면 멸종위기종을 보호한다는 데 좀 협력을 해 줄 것이지.책임자가 되자마자 그는, 죽은 사람, 특히 자살자의 시신에서 세포들, 정확히는 생식세포들을 채취할 수 있는 명령을 입안했다.  사람들은 죽은 이의 시신을 자원처럼 이용하겠다는 말에 반발했지만, 그는 단호했다.지금 지구상에서 인간이 쓸 수 있는 게 얼마나 되는데? 어리광 부리지 말라고 해. 어마어마한 자원을 들여서 살려놓고, 이 사방이 다 막힌 환경에서도 인권이라는 걸 존중하고 있는데, 그렇게 문명을 지켜 온 보람도 없이 돌아서면 죽어버리고, 돌아서면 죽어버리고 할 것 같으면, 다른 사람들 살리는 데 필요한 것들이라도 두고  가야지.쉽게 죽다니요. 자살자들 대부분은 죄책감과 슬픔, 그리고 우울증에 시달리고 있었다고요.너 되게 인간 같은 소리 한다?저는 사람은 아니지만, 자기 종이 멸종위기 상태에 놓였는데 대체 누가 제정신 일 수 있겠어요? 파멸이 예정돼 있는 거나 다름없는데.그 정도로 겁을 먹고 정신이 나갈 것 같으면 인간이 불과 300년 만에 이 지경이 났겠어?은하가 300년이라는 숫자를 중얼거리며 이를 갈았다. 그는 웃기 도 잘 웃었지만 화가 많았다. 복잡한 감정들을 격렬하게 드러내는 사람이었다. 그런 데다 그는 기본적으로 말이 많았다. 혼자서는 해내지 못할 만큼 많은 문서들을 처리하고, 손을 놀려 복잡한 설계를 하면서도 동시에 쉬지 않고 떠들어댈 수 있었다.짐승은 사람이 백신을 놓으면 얌전히 맞기라도 하지, 전염병이 도는 와중에도 자기에게는 백신을 안 맞을 권리가 어쩌고 하다가, 애먼 어린애들, 허약한 노인네들 줄줄이 저승으로 보내놓고서도 자기가 무슨 짓을 했는지 모르는 게 인간이야. 전쟁이 나서 어린이 병원에 폭탄이 떨어지는데도 전쟁으로 인해 주식시장이 요동친다고 제 주식 걱정이나 하는 이악한 새끼들이 인간이야. 태평양 한가운데에 있는 섬나라가 지구 온난화로 인한 해수면 상승으로 머지않아 아주 지도에서 사라지게 생겼다는 뉴스기사가 뻔히 흘러나오는데도, 태풍 불면 물 들어오는 바닷가 해안선따라 신도 시를 만들던 게 인간이라는 종자라고. 야, 이런 것들이 파멸이 예정되었다고 겁을 먹을 것들이냐?그건 과거의 일이고, 지금 사람들이 죽어나가는 건 현재의 문제예요. 저 사람들을 데리고 앞으로 나아가려면, 저 사람들 마음도 돌봐야죠.너야 인내심이 무한한 인공지능이니까 그게 가능하겠지. 인간들은나는 내 인내심은 무한하지 않지만, 적어도 은하를 버텨낼 만큼은 인내심이 있다고 생각했다.너희도 로그에 접근할 수 있으니 알겠지. 누군가는 계속 말하고, 걱정하고, 국제기구의 남은 힘을 그러모아 예산을 만들어 내어서 사람들을 구하고, 피화 시스템 같은 것을 만들어서 사람들을 보호하고. 그렇게 누군가가 일을  하는 동안에, 지구 온난화 때문에 사람이 살 땅이 줄어들고, 전염병이 돌고 바닷물이 끓어오르고 전쟁이 나고, 식량이 다 떨어져서 사람이 수도 없이 굶어 죽어도 남의 일이라고 그렇게 미루다가, 제 발등에 불 떨어져야 울며불며 난리 치다가, 겨우 살려서 구해서 데려왔더니만 현실을 직시하지도 못하고 자살을 하는데 뭘 어쩌라고! 이 험난한 세상에 같이 살아남자고 데려왔더니, 저 혼자 슬프고 외롭고 지구 최 후의 인간이라고 존엄을 지킨답시고 그렇게 뒈져버렸으면, 남은 시체라도 썩게 버려둘 게 아니라 다른 사람들에게 유용하게 자원으로 쓰는 수밖에!하지만 은하가 죽은 사람들에 대해 함부로 말할 때마다 나는 마거릿을 떠올렸다. 산 사람의 인권은 지켜야 하지만 죽은 사람의 몸은 그저 사물일 뿐이라고, 자원으로 쓸 수 있다면 자원으로 써야 한다는 말에는 동의했지만, 그것이 마거릿의 몸이라고 생각하면 혼란스 러워졌다. 그는 마거릿이라도, 혹은 은하에게 소중한 누군가라도, 설령 자기 자신의 몸이라도 죽은 뒤에는 그런 식으로 뜯고 분해하고 필요한 부분들을 쏙쏙 뽑아내어 자원처럼 써 버려도 좋다고 생각하는 걸까.은하는 파멸이 두렵지 않았나요? 다른 사람들의 두려움을 이해하지 못해요?파멸이라는 건 인간 역사에서 언제나 예정되어 있던 거였어. 모든 숨 붙은 것은 반드시 죽고, 태양은 언젠가 적색거성이 돼 지구를 집어삼키겠지. 그리고 인간들이란 언젠가 모든 것이 끝난다는 것을 전혀 생각도 안 하고 사는 멍청이와, 세상이 언젠가 끝난다는 생각에 덜덜 떨며 아무것도 못하는 겁쟁이와, 언젠가 끝나지만 그 전에 지금 뭐라도 하겠다는 사람들로 이루어져 있었고. 인간이 멸종위기 상태라고 해도, 여기서 누가 전쟁이라도 일으키지 않는 한 지금 태어나 있는 사람들이 살아있는 동안에 하루아침에 모두가 전멸하진 않을 거 야. 그런데도 아무것도 안 한 채 자기연민에만 겨운 인간들을 뭐 예쁘다고 이해해 줘야 하는데? 바빠 죽겠구만.은하가 고개를 틀며 펜을 움직이기 시작했다.30만이야, 30만. 다른 동물들이 전 세계를 통틀어 한 30만 마리 남았을 때, 인간들이 그렇게 비극적으로 받아들였던 적이 있었는 줄 알아? 30만 마리는 고사하고, 바키타 돌고래가 한 서른 마리 남았을 때에도 그렇게 심각하게 생각하는 사람은 거의 없었어. 서기 2018년 마지막 북부 흰코뿔소가 죽었을 때에도, 사람들은 그냥 그 코뿔소의 정자로 인공수정을 한다니까 괜찮을 거다, 하고 넘어갔지. 토끼가 멸종되고, 다람쥐가 멸종되는 와중에도, 걔네는 번식 잘 하니까 괜찮다고 헛소리들을 했지. 걔들은 번식을 잘해서 걱정이 없으면, 번식도 빨리빨리 못 하는 인간들이 자살까지 해 가며 개체수를 줄여 대는 건 어쩌면 좋겠냐? 죽지 못하게 꽁꽁 묶어놓든가, 차라리 냉 동인간이라도 만들어 버려야 하지 않겠냐? 아니면 아주 인간다운 방식대로, 북부 흰코뿔소처럼 생식세포 뽑아다가 다음 세대를 찍어내든가.어쩌면 그는, 사람들에게 화가 많이 났는지도 모르겠다. 그 화를 사람들에게 풀 수 없으니, 나를 파트너로 삼은 것이다. 들으라고, 자기 이야기를 계속 들어달라고.어쨌든 방식이야 과격했지만, 은하의 새 정책은 효과가 있었다. 병에 걸리거나 늙어서 죽은 것도 아닌, 죽은  지 한 시간 안쪽으로 발견되는 싱싱한 인간의 몸에서는 안구도, 장기도, 생식세포도, 아직 신선한 채 적출해 낼 수 있다. 그 사실이 알려지자 자살 시도는 조금 줄어들었고, 몇 번인가 은하를 살해하려는 시 도가 있었다. 그리고 그런 일이 생길 때마다 은하는 낄낄 웃으며 말했다.내 머리는 한 주에 한 번씩 저기 업로드하고 있으니까, 혹시 내 머리가 박살나면 그걸 꺼내다가 일 시키도록 해. 너한테는 그쪽이 나 을지도 모르겠네. 내가 떠드는 게 시끄러우면 음성 모듈을 꺼 버릴 수도 있고.우리 인공지능들은 살아가면서 수리를 하거나 낡은 모듈을 교체할 수 있다. 모듈을 교체해 성장시킬 만큼 많은 경험을 하고 복잡한 시냅스를 형성한 인공지능들은 사람들에게도 인간 이상의 경험치를 지닌 유능한 파트너로 여겨졌다. 하지만 은하는 달랐다. 은하는 조금씩 나이가 들어갔다.인간이 싫어, 아주 진저리가 난다. 이 와중에  사이비 종교까지 만들고 싶을까.그는 아침부터 밤늦게까지, 정말 하루 종일 일을 했고, 일을 아주 잘했다. 비록 화를 잘 냈고, 잔소리가 많았고, 변덕이 죽 끓듯 했지만 적어도 사람이라는 종을 보존하고 유 지한다는 그 목적에 있어, 박은하보다 더 적합한 사람은 없었다.인간은 지구에서 태어나 지구에서 살아왔으니까 지구에서 죽어야 천국에 갈 수 있댄다. 그냥 나가 죽으라지, 밖에서 죽어서 지구 생태계의 일 부나 될 것이지. 대체 그럴 거면 피화 시스템엔 왜 기어들어왔담.하지만 그럼에도 그는 인간이었다. 유한한 시간을 품은 인간. 언제부터인가 은하는, 기막힌 일이 있을 때마다 책상에 머리를 처박은 채, 앓는 소리를 냈다. 처음에는 화를 냈지만, 언젠가부터 그는 그런 일이 있을 때마다 조금씩 아프기 시작했다. 옆구리를 감싸쥐고, 가슴을 탁탁 치다가 찬 물을 찾았다. 언젠가부터 그의 귀밑머리가 새하얗게 세기 시작하더니, 그 흰 머리카락의 군집은 점점 그 영역을 넓혀 가기 시작했다.지금이 흑사병 돌던 시절이야? 저런 것들을 살리겠다고 뼛골 빠지게 일하고 있는 내가 미친년이지.그가 서른 여섯 살이던 때부터 지금까지 나와 함께 했던 스무 해 동안, 그리고 그 이전에도, 그는 쉬지 않고 우주선을 설계하고, 피화 시스템에 대한 중요한 결정들을 내렸다. 자신의 모든 인생을 살아남은 사람들을 우주로 보내기 위한 아광속 엔진 개발에 온통 쏟아부은 채로, 그의 시간은 속절없이 흘러가고 있었다.솔직하게 말해봐요, 은하. 사실은 인간을 좋아하죠?미쳤냐. 너 같으면 저것들이 마음에 들겠냐? 어?인간은 정말 솔직하지 못하네 요.인간은 원래 거짓말을 잘해.걸핏하면 욕했지만, 그러면서도 그는 어떻게든 한 명이라도 더 살리고, 어떻게든 한 사람분의 유전자라도 더 보존해서 그들을 우주로 보낼 생각을 하고 있었다. 그들 모두를 세대우주선에 태워서, 지구의 생물들이 어떻게든 살아갈 가능성이 있다고 알려진 행성, 케플러-186으로 보내겠다고. 수많은 로그들, 수많은 기록들, 수많은 연구문건들이야말로, 이 사람이 어떻게 일했는지를  말해주는 증거였다.혼란스러웠다. 이 사람은 대체 무엇을 위해 이 모든 일을 혼자 감당하고 있는 것일까. 그때였다. 그가 순간 깊이 숨을 들이마시더니, 내게 속삭였다.미리 말해 둘 게 있어. 나는 곧 죽을  거야. 그동안 정보차폐를 걸었는데, 더는 숨기지 않는 게 나을 것 같아서 하는 말이야.인간의 의학은 21세기 중반에 정점을 찍었다. 노화를 제외한 대부분의 질병에서 인류는 승리를 거뒀다. 인류는 한때 수 많은 창작물에서 죽음을 암시하던 백혈병이나 암, 심장질환 등을 거의 극복했다. 하지만 그 극복은, 수많은 자원을 쏟아부어 이루어낸 승리였다.에너지도 음식도 늘 빠듯한 이곳에서, 최우선으로 자원이 배분되는 곳은 인간의 생존과 세대우주선 연구였다. 이곳에도 병원은 있었지만, 이전까지 인간의 의학이 치료해 낼 수 있었던 모든 병을 고치기에는 턱없이 부족했다. 스캔하는 것만으로도 손톱만한 병소마저 찾 아내는 장비나, 사람의 손과 눈으로는 불가능한 수술을 가능하게 했던 정밀 로봇들, 나노로봇이 들어간 각종 치료제는 이제 없다. 20세기 중반과 비슷한 원시적인 병원에서, 사람들은 아깝게 죽어갔다. 병을 치료할 기술과 지식도, 치료장비와 약물을 만들어 낼 설계도도 있었지만, 그 모든 것을 구현하기에는 자원이 턱없이 부족했다.하지만 만들 거예요.웃기지 마. 아, 이럴까봐 인간들에게 말을 안 한 건데 이젠 너까지 헛소리를 하고 있어?헛소리라니요. 당신 목숨이 달린 문제잖아요. 지금 이게 뭐야, 치료 안 받으면 정말 몇 달도 못 버틸.여기 피화 시스템이 만들어지고 나서, 정말 많은 사람들이 죽었어. 자살한 사람도 많았지만, 병에 걸려 죽은 사람도 많았지. 그래, 다른 사람들이 죽을 때는 손 놓고 있다가, 내가 병에 걸렸다고 그걸 만들면 누가 우리를 믿겠어?당신 치료하고 나서, 앞으로 다른 사람들도 치료하면!그럴 자원이 없어.은하는 고개를 돌렸다. 어차피 나에게는 그를 대신해 무언가를 결정할 권리 같은 것이 없지만, 이건 상담조차 아니다. 이미 결정은 다 내리고, 내게는 통보만 하고 있는 것이다. 나는 그의 귓구멍에 내 목소리를 쏟아 넣으려는 듯, 최대한 음성의 크기를 키웠다.누가 공짜로 살아남으래요? 살아서 일을 하라고요!수명을 억지로 늘려서까지 일을 시키겠다고? 정말 지독한 인공지능이구만.은하는 손가 락으로 귀를 막는 시늉을 하며 낄낄거렸다. 그는 내가, 인간의 감정에 비하면 희미하지만, 그럼에도 불구하고 격렬하게 끓어오르는 이 분노를 드러내는 것이 무척 재미있는 모양이었다.인공지능의 감정 표현 은 같이 일하는 사람의 영향을 받기 쉽지. 다른 건 몰라도 내가 20년 동안 고함을 많이 지르긴 했나 보군.지금 그게 문제가 아니지 않나요?하나도 문제될 것 없어. 난 벌써 쉰여섯 살이지. 20세기 중반 기준 으로는 그렇게 비극적일 정도로 일찍 죽는 것도 아니야. 이만하면 제 수명껏 살다 죽는 거지.그가 웃었다.얼마나 남았는지 묻는 것은 무의미했다. 그가 내게 털어놓았다는 것은, 더는 돌이킬 수 없는 상황이 라는 것을 뜻했다. 줄어드는 체중, 어두워진 안색, 우리가 처음 만났을 때와는 비교할 수 없이 여윈 뺨을 보면서도 나는 그 신호들을 무시했다. 식사를 하고, 잠을 자고, 병원에 가 보라고 조언한들 그가 내 말을 들을 리 없다고 판단하고, 그가 한 걸음 한 걸음 죽음을 향해 다가가는 것을 그저 잡음이라고 여기고 방치했다.그리고 그가 조용히 손을 내밀었다. 그의 여윈 손이 나의 차가운 외장을 어루만졌다. 처음으로 부끄러움이라는 것은 이럴 때 드는 감정이겠구나, 하는 생각이 들 만큼 다정한 손길이었다.내 시체는 병 때문에 어디 써먹기 힘들겠지만, 내 머리는 데이터뿐 아니라 시냅스 구조까지 복제해 뒀으니까, 그걸 갖다가 써먹어도 돼. 자아는 좀 손을 봤으니까 일 시키기는 편할거야. 여차하면 그냥 인공지능으로 이식해도 상관없고.결국은 죽은 뒤에도 일하겠다는 거잖아요. 그렇게 인간이 좋아요?난 인간이 싫어. 정말 끝까지 거짓말만 하네요.정말이야 나는 인간이 싫어. 멍청하고, 이악하고, 매년 수십 종의 생물을 멸종시켜 놓고도 반성이라는 게 없었지. 어떤 생물종이 10만 마리 남았다고 하면 그게 얼마나 적은 숫 자인지 상상도 못 하다가, 인간의 숫자가 10억 명 밑으로 줄어들었다고 하니까 당장 내일모레 지구가 멸망할 것 같이 구는, 정말 인간밖에는 모르는 것들이야.그런데 왜, 그 사람들을 구해 낼 세대우주선에  자기 인생을 다 걸었던 건데요.유전자와 데이터만으로는 말할 수 없는 것들이 있으니까.은하는 내게 속삭였다. 유전자와 데이터만으로는 누군가를 만나더라도 아무것도 전해지지 않을 거야. 언젠가 우리와 조우할 그들에게 만나게 해 주고 싶어. 우주 저편에서 문화를 만들어내고 살았던, 지금은 멸절 직전의 종족을. 그들에게 내가 좋아하는 이야기들과 내가 좋아하는 노래를 들려주고 싶어. 그 속삭임을 내 머릿속에서 몇 번이나 되감아 들으며, 나는 그의 임종을 지켰다. 돛대도 삿대도 없는 배처럼 표류하는 최후의 사람들을 이끌고, 자신의 이름과 같은 은하의 저 너머를 바라보던 사람을.그의 얼굴 위에 천이 덮이는 것을 바라보며, 나는 은하의 손길을 떠올렸다.그는 죽은 뒤에도 일하겠다는 게 아니다. 인간의 죽음은 그것으로 끝이다. 그리고 그의 데이터와 시냅스로, 이 모든 일을 계속해 나가는 것은 나의 몫이 됐다.『박씨전』이라는 소설이 있었다. 조선시대의 어느 전쟁을 배경으로 했다는 그 소설의 주인공 박씨는, 무시무시한 얼굴로 사람들의 오해와 미움을 사는 인물이다. 하지만 그 무시무시한 얼굴 뒤에는 한없는 지 혜와, 자신이 책임지려는 모든 사람들을 지키고 싶은 마음이 숨겨져 있었다. 박씨가 뒷마당에 지은 피화정은, 바로 그런 마음을 담은 집이었다.나는 언젠가 은하의 로그를 샅샅이 살피다가, 이곳에 피화 시스템이라는 이름을 붙이자고 한 사람이 누구인지 알았다. 그가 품었던 감정이 인간에 대한 환멸과 미움만이 아니라는 것은 더 일찍부터 알았다. 그가 지키고 싶었던 것이 살아남은 사람들인지, 아니면 정말로  인간이 만들어낸 문화였던 것뿐인지는 나도 모르겠다. 하지만 문명도 아니고 문화란, 어차피 사람의 존재와 불가분인 것이 아니었던가.나는 은하의 기억과 시냅스를 인공지능에 이식했다. 그리고 그 결과물을 나의 프레임 안에 밀어넣었다. 은하는 죽었고, 내 안에 깃든 것은 은하는 아니다. 어차피 나의 존재 역시, 은하가 설계한 아광속 엔진을 탑재한 세대우주선, 샛별등대호가 만들어짐에 따라 계속 복제되어 그 배와 함께 할 것이다. 우리들은 그 샛별등대호에서 사람들이 살아가고 싸우고 조금 닮고 다른 모습으로 이어져가는 모습을 지켜볼 것이다. 우리들 중 누군가는, 운이 좋다면 저 은하수를 건너가, 은하가 생 전에 말하던 저 케플러-186에 도착할 수 있을지도 모른다. 지구가 더는 사람의 행성이 아니게 된 지금, 그런 것에 이제 무슨 의미가 있겠느냐고 말하는 이들도 있겠지만, 새로운 지성체를 만들어내고, 우주  저 멀리까지 자신의 후손들을 떠나보낼 수 있는 생물이란, 아마 우주의 역사를 통틀어도 흔치 않을 것이다.나는 은하에게, 정확히는 은하의 기억에게, 그 끝의 끝을 보여주고 싶었다.죽음과 멸망으로 끝나지 않는, 그 다음의 이야기를.",0
과학계 다시 오픈했습니다,test,0
안드로메다행 음식 배달비,test,0
잔소리에 맞설 과학적 방법 게임의 쓸모,test,0
우리은하 중심 블랙홀 첫 포착,"우리은하 중심에 있는 블랙홀의 모습이 처음 공개됐다. 5월 12일, 한국, 미국, 남미, 아프리카 등 전 세계 과학자들로 이뤄진 사건지평선망원경(EHT) 국제공동연구팀이 우리은하 중심에 있는 초대질량 블랙홀 궁수자리 A*(에이 스타)의 이미지를 공개했다.대부분의 은하 중심엔 태양 질량의 수십만~수십억 배에 이르는 초대질량 블랙홀이 있다. 우리은하 중심부에도 태양 질량의 430만 배에 달하는 궁수자리 A*가 있다는 사실은 2008년 이미 밝혀졌다. 하지만 관측은 이번이 처음이다.궁수자리 A*의 모습을 포착한 건 3년 전 처음으로 블랙홀을 관측했던 EHT 공동연구팀이다. 2019년 다른 은하에 있는 블랙홀 M87의 사진을 공개한 것에 이어 두 번째로 블랙홀을 촬영하는 데 성공했다.제프리 바우어 대만 천문학 및 천체물리학 연구소 연구원은 이번 관찰은 우리은하 중심에서 일어나는 일을 이해하는 데 새로운 통찰력을 줄 것이 라고 말했다.",0
간이 잘 뱄나 맛보는 기미상궁 로봇,음식에 간이 잘 뱄는지 확인하기 위해선 요리를 하는 중간중간 맛을 봐가며 재료를 추가할지 말지 결정해야 한다. 이 과정을 실제로 구현하는 로봇이 최근 개발됐다.푸미야 리다 미국 케임브리지대 공학부 교수팀은 음식을 입안에서 쪼개고 섞는 사람의 저작 운동을 모방해 토마토 달걀 볶음을 섞어 맛보는 로봇을 개발했다. doi: 10.3389/frobt.2022.886074교수팀이 개발한 로봇은 로봇팔의 전기전도도 센서로 짠맛을 측정한다. 그 결과 서로 맛이 다른 토마토 달걀 볶음 9종류를 기존 전자 혀 기술을 사용했을 때보다 두 배가량 잘 구분했다.아르센 아부두알리 연구원은 기존 전자 혀 기술은 맛의 분포가 균일한 샘플에서 한 지점만 맛보는 식이라 실제 맛보기 과정과 달랐다며 로봇이 음식 조리 과정에서 씹고 맛보며 더 맛있는 음식을 만들 수 있도록 하는 것이 우리의 목표라고 했다.,0
사나운 치와와 천사견 레트리버 편견일 뿐,"치와와는 작은 체구에 비해 사나운 성격을 가졌고, 골든레트리버는 몸집은 크지만 순하다는 선입견이 많다. 그런데 미국 매사추세츠대 찬 의대 연구팀은 개 품종에 따라 성격이 달라지지 않는다는 사실을 증 명해 국제학술지 사이언스 4월 29일자에 표지논문으로 실었다. doi: 10.1126/science.abk0639연구팀은 개 1만 8385마리의 보호자를 대상으로 개의 성격과 행동을 묻는 설문조사를 실시하고, 2155마리의 유전 자 염기서열을 분석했다. 그 결과 78종의 품종 데이터에서 나타난 개의 행동 중 9%만이 품종에 따른 특성인 것으로 나타났다. 오히려 품종보다 나이나 성별에 따라서 행동의 차이가 나타났다. 연구팀은 같은 종이라도 개체마다 편차가 있어 품종만으로 개의 행동을 예측할 수 없다고 결론지었다.앨리너 칼슨 미국 매사추세츠대 찬 의대 교수는 우리가 품종별 특성이라고 생각하는 개의 행동 대부분은 늑대에서 들개, 가축에서 반려견까지 수천 년간 진화한 결과라고 말했다. 모든 개의 공통적인 특성이라는 뜻이다.",0
